kepid,kepoi_name,kepler_name,koi_disposition,Pred_Class_Index,Pred_Label,Prob_class_0,Prob_class_1,Prob_class_2,Prob_class_3,Prob_class_4,Prob_class_5,Prob_class_6,Prob_class_7,Prob_class_8,Prob_class_9
10797460,K00752.01,Kepler-227 b,CONFIRMED,5,CONFIRMED,4.521703e-07,6.6318347e-07,9.662933e-08,1.1680786e-06,8.147453e-07,0.99998116,5.740491e-07,6.177392e-08,1.5014278e-05,1.1695952e-09
10797460,K00752.02,Kepler-227 c,CONFIRMED,5,CONFIRMED,2.4386117e-07,3.9816513e-07,4.5079568e-07,1.6812609e-06,1.168785e-05,0.99995863,1.0332119e-06,8.212223e-08,2.579436e-05,2.107347e-09
10811496,K00753.01,,CANDIDATE,5,CONFIRMED,1.5712782e-05,3.508994e-07,1.2816072e-05,4.2511037e-06,3.0737065e-05,0.9989229,1.1699162e-05,1.4417668e-06,0.001000131,2.545957e-09
10848459,K00754.01,,FALSE POSITIVE,5,CONFIRMED,8.18763e-07,2.0715808e-07,1.3093163e-05,6.2256995e-06,5.2286887e-06,0.99916327,0.00017400639,3.3399076e-06,0.0006337995,5.9490026e-09
10854555,K00755.01,Kepler-664 b,CONFIRMED,5,CONFIRMED,8.401538e-07,2.473298e-07,1.3323293e-07,6.874572e-07,8.51815e-07,0.9999927,3.8553034e-07,2.2689669e-08,4.1099047e-06,5.8878513e-10
10872983,K00756.01,Kepler-228 d,CONFIRMED,5,CONFIRMED,6.819485e-07,1.4393999e-06,7.542754e-07,1.2881636e-06,2.3537714e-06,0.9999534,2.8471322e-06,7.007579e-07,3.6537076e-05,3.0115288e-09
10872983,K00756.02,Kepler-228 c,CONFIRMED,5,CONFIRMED,5.6535964e-07,1.8691302e-06,5.466824e-07,9.657955e-07,1.7033303e-06,0.9999517,7.5924268e-06,1.9474163e-07,3.4857847e-05,3.4929757e-09
10872983,K00756.03,Kepler-228 b,CONFIRMED,5,CONFIRMED,1.4806348e-07,1.2979426e-06,5.351175e-07,8.739591e-07,9.0925744e-07,0.99998116,1.7151218e-06,4.5681478e-08,1.3288625e-05,1.8599535e-09
6721123,K00114.01,,FALSE POSITIVE,5,CONFIRMED,5.3874597e-08,2.1210674e-06,1.4023858e-07,1.1696388e-06,4.2474517e-06,0.9999732,7.707152e-07,2.8255096e-07,1.8005463e-05,2.1453912e-09
10910878,K00757.01,Kepler-229 c,CONFIRMED,5,CONFIRMED,2.624751e-06,1.4430177e-06,3.88511e-06,4.432841e-06,4.4816283e-05,0.9998363,5.8946725e-06,2.0992522e-06,9.846741e-05,1.917473e-09
11446443,K00001.01,Kepler-1 b,CONFIRMED,5,CONFIRMED,1.0021777e-05,3.1396925e-07,6.67373e-05,2.6073126e-06,3.571555e-06,0.9991627,4.1388965e-05,2.5664274e-06,0.0007101755,6.4641577e-09
10666592,K00002.01,Kepler-2 b,CONFIRMED,5,CONFIRMED,7.3752113e-07,3.2949652e-07,5.6155586e-06,2.2886547e-07,1.9286445e-06,0.99986756,1.2162062e-05,3.0897343e-06,0.00010832105,2.3307716e-09
6922244,K00010.01,Kepler-8 b,CONFIRMED,5,CONFIRMED,1.2691177e-07,1.0810131e-07,2.9293417e-06,2.3198861e-07,2.6715557e-07,0.9998535,4.8860584e-06,4.820155e-07,0.00013744432,1.2199992e-09
10984090,K00112.02,Kepler-466 c,CONFIRMED,5,CONFIRMED,6.6126724e-08,8.132334e-07,3.408055e-07,4.584929e-07,1.1770547e-07,0.9999634,8.843137e-07,1.7827734e-08,3.384231e-05,1.3076744e-09
10419211,K00742.01,,FALSE POSITIVE,5,CONFIRMED,4.928078e-07,3.648766e-07,1.5130942e-06,6.2969943e-06,4.5786232e-06,0.99915254,2.0904423e-05,1.3234025e-05,0.00080001634,6.464561e-09
10464078,K00743.01,,FALSE POSITIVE,5,CONFIRMED,1.6614503e-06,7.105925e-07,5.1748816e-06,1.0379431e-05,6.701807e-05,0.99965453,1.9456952e-06,8.0737743e-07,0.00025782324,2.2205124e-09
10480982,K00744.01,,FALSE POSITIVE,5,CONFIRMED,1.4715641e-06,4.028899e-07,1.2202604e-06,3.3733365e-06,1.0120111e-05,0.99906987,4.277094e-06,2.3718876e-07,0.00090900605,1.5228522e-09
10485250,K00745.01,,FALSE POSITIVE,5,CONFIRMED,6.81345e-07,4.927292e-07,8.098248e-06,5.601009e-06,3.4960667e-05,0.99968135,3.5585937e-05,6.6886344e-07,0.00023261203,1.9206163e-09
10526549,K00746.01,Kepler-660 b,CONFIRMED,5,CONFIRMED,5.0476586e-08,1.0400809e-06,5.1472955e-07,9.069039e-07,1.8731117e-06,0.99994624,3.2206103e-07,3.0944022e-07,4.874924e-05,2.2296665e-09
10583066,K00747.01,Kepler-661 b,CONFIRMED,5,CONFIRMED,5.8486353e-06,5.406254e-07,8.670704e-06,5.3824483e-06,1.4807656e-05,0.99982256,6.2157546e-06,5.3523934e-07,0.00013551458,5.2557754e-09
10583180,K00748.01,,FALSE POSITIVE,5,CONFIRMED,1.4062458e-06,3.2760115e-06,3.7038708e-07,3.6721005e-07,1.5202185e-06,0.9999728,4.3303567e-06,1.0780369e-07,1.5821775e-05,3.0821465e-09
10601284,K00749.01,Kepler-226 c,CONFIRMED,5,CONFIRMED,1.5335571e-06,1.3905656e-06,3.9389587e-07,2.4687215e-06,1.0377131e-06,0.99994445,3.520492e-06,1.2158532e-07,4.5096902e-05,2.965418e-09
10601284,K00749.02,Kepler-226 b,CONFIRMED,5,CONFIRMED,3.1760069e-06,2.2857776e-06,7.4605845e-07,3.4488644e-06,6.587787e-07,0.9999566,9.669951e-06,7.138277e-08,2.3323159e-05,3.3514151e-09
10601284,K00749.03,Kepler-226 d,CONFIRMED,5,CONFIRMED,6.58641e-08,4.477292e-06,3.8071389e-07,1.0023198e-06,6.247001e-06,0.9999684,5.4617084e-07,5.828965e-07,1.828184e-05,3.4269034e-09
2306756,K00113.01,,FALSE POSITIVE,5,CONFIRMED,1.4752851e-07,3.21322e-07,6.009587e-07,9.560617e-07,1.3588138e-05,0.9998053,1.5287122e-06,3.8355182e-08,0.00017756455,9.633254e-10
10662202,K00750.01,Kepler-662 b,CONFIRMED,5,CONFIRMED,1.154765e-06,2.2360653e-06,2.7450625e-07,2.4837789e-06,2.1691949e-05,0.99993026,9.920265e-07,1.2713036e-07,4.081649e-05,9.892003e-10
10682541,K00751.01,Kepler-663 b,CONFIRMED,5,CONFIRMED,1.0845312e-06,2.344722e-06,4.696188e-07,6.172408e-06,3.196973e-06,0.9999274,3.3753113e-06,1.277508e-07,5.5864166e-05,3.7795473e-09
11460018,K00769.01,Kepler-671 b,CONFIRMED,5,CONFIRMED,2.0905159e-06,1.4776017e-06,5.840442e-07,3.6257545e-06,6.5191136e-07,0.99994135,6.4357364e-06,1.2045206e-07,4.3681408e-05,3.2510923e-09
11463211,K00770.01,,FALSE POSITIVE,5,CONFIRMED,4.6548894e-06,6.425043e-07,1.0734346e-05,2.2844629e-06,4.5664756e-06,0.99960846,3.7699236e-05,6.4166295e-07,0.00033031258,3.6037786e-09
11465813,K00771.01,,FALSE POSITIVE,5,CONFIRMED,4.780279e-07,1.930471e-06,1.0783189e-05,1.37256e-06,0.00019653424,0.99978334,2.458814e-07,2.0234394e-07,5.152657e-06,4.2206416e-09
11493732,K00772.01,,FALSE POSITIVE,5,CONFIRMED,2.2983026e-07,4.9305794e-07,1.9633442e-06,2.8630388e-06,3.7654598e-05,0.9998733,8.092356e-07,1.8098328e-07,8.254277e-05,1.8724382e-09
11507101,K00773.01,Kepler-672 b,CONFIRMED,5,CONFIRMED,1.6516252e-07,4.4411513e-07,1.2618904e-07,1.1784833e-06,7.2516127e-06,0.99997616,2.5728477e-07,5.6821097e-08,1.4386168e-05,8.4161733e-10
10910878,K00757.02,Kepler-229 d,CONFIRMED,5,CONFIRMED,7.4059585e-07,7.8823166e-07,3.0871613e-06,2.8891354e-06,1.3233022e-05,0.99990237,2.3726793e-06,2.4953252e-07,7.421415e-05,3.3719432e-09
10910878,K00757.03,Kepler-229 b,CONFIRMED,5,CONFIRMED,6.306713e-07,7.818157e-07,3.78833e-07,5.508422e-06,4.43603e-06,0.9999472,2.4420224e-06,1.5325399e-07,3.847001e-05,3.0649088e-09
10987985,K00758.01,Kepler-665 b,CONFIRMED,5,CONFIRMED,1.4201221e-07,9.500943e-07,2.849606e-07,2.3621485e-06,2.3269067e-06,0.99998224,1.1941448e-06,8.035591e-08,1.039981e-05,7.6892087e-10
11018648,K00759.01,Kepler-230 b,CONFIRMED,5,CONFIRMED,4.2850286e-07,1.1311877e-06,2.4649305e-06,4.2295305e-06,1.9656514e-05,0.99989057,1.949913e-06,7.721552e-07,7.876145e-05,3.1539493e-09
11018648,K00759.02,Kepler-230 c,CONFIRMED,5,CONFIRMED,2.751473e-07,3.2343561e-07,3.6235338e-07,1.2660904e-06,7.3345223e-06,0.99997675,3.7706792e-07,5.5195965e-08,1.3193833e-05,1.5314587e-09
11138155,K00760.01,Kepler-1976 b,CONFIRMED,5,CONFIRMED,6.9312983e-07,8.659195e-08,5.070159e-06,3.708357e-06,4.087203e-06,0.99960846,5.556444e-06,4.0535033e-07,0.0003720011,2.4155433e-09
11152159,K00761.01,,FALSE POSITIVE,5,CONFIRMED,5.965289e-07,1.9894806e-06,2.917042e-07,1.2222295e-06,1.618558e-06,0.99996555,6.1354517e-06,9.926913e-08,2.248679e-05,3.4762284e-09
11153539,K00762.01,Kepler-666 b,CONFIRMED,5,CONFIRMED,2.4478368e-06,4.8777756e-06,5.492141e-07,1.1337086e-06,2.6286589e-06,0.9999546,2.7904593e-06,1.5966742e-07,3.0775176e-05,4.044483e-09
11242721,K00763.01,,FALSE POSITIVE,5,CONFIRMED,6.4049675e-07,7.281138e-08,1.2421872e-06,7.249588e-07,1.9817458e-05,0.9998672,1.3232777e-06,2.765851e-07,0.000108736465,4.8601134e-10
9579641,K00115.01,Kepler-105 b,CONFIRMED,5,CONFIRMED,2.3297962e-06,5.336454e-07,1.8078653e-07,1.9904003e-06,4.177947e-07,0.9999758,1.7218466e-06,6.113466e-08,1.6965307e-05,1.5323748e-09
11304958,K00764.01,Kepler-667 b,CONFIRMED,5,CONFIRMED,3.4528205e-07,6.3758625e-07,2.207487e-06,3.4705504e-06,4.7227375e-05,0.99989426,2.8283603e-07,8.412716e-08,5.1431816e-05,1.7078556e-09
11391957,K00765.01,Kepler-668 b,CONFIRMED,5,CONFIRMED,1.9702502e-07,4.214777e-07,3.728911e-07,3.2643854e-06,6.2213157e-06,0.99995863,8.892729e-07,1.0298784e-07,2.9934454e-05,1.986292e-09
11403044,K00766.01,Kepler-669 b,CONFIRMED,5,CONFIRMED,1.127281e-07,1.8915918e-06,7.557493e-07,2.403229e-07,7.0196215e-08,0.99997723,4.345264e-06,2.2000272e-07,1.5143915e-05,1.2413899e-09
11414511,K00767.01,Kepler-670 b,CONFIRMED,5,CONFIRMED,1.1911134e-06,1.1594964e-07,2.1085383e-05,4.5900297e-06,1.3763919e-06,0.9992441,5.0650713e-05,9.1981036e-07,0.00067598914,4.6713176e-09
11442465,K00768.01,,FALSE POSITIVE,5,CONFIRMED,1.549264e-06,3.4307976e-07,6.9352254e-06,1.2264789e-05,7.164171e-05,0.99960977,5.606622e-07,8.421595e-07,0.00029615845,4.538472e-09
12110942,K00786.01,Kepler-680 b,CONFIRMED,5,CONFIRMED,1.8138524e-06,1.6694795e-06,6.7750983e-07,2.5296094e-06,7.882912e-07,0.99994934,8.627621e-06,5.6017782e-08,3.4481967e-05,3.12753e-09
12366084,K00787.01,Kepler-232 b,CONFIRMED,5,CONFIRMED,3.2170516e-07,6.3046787e-07,1.3638778e-07,2.5803087e-07,5.184589e-07,0.9999908,7.687732e-07,4.07431e-08,6.4651654e-06,9.786809e-10
12366084,K00787.02,Kepler-232 c,CONFIRMED,5,CONFIRMED,3.097516e-07,1.4165661e-07,8.008409e-08,2.7202714e-06,3.8968892e-07,0.9999813,4.5881472e-07,3.5806053e-08,1.4565584e-05,8.542363e-10
12404086,K00788.01,Kepler-681 b,CONFIRMED,5,CONFIRMED,2.8483277e-07,1.9042628e-06,1.100116e-06,2.4518142e-06,4.3064383e-06,0.9999502,1.1281535e-06,5.7206614e-07,3.812858e-05,2.1813924e-09
8395660,K00116.01,Kepler-106 c,CONFIRMED,5,CONFIRMED,3.7124823e-07,3.7851555e-07,1.2735616e-07,7.54801e-07,2.8969105e-06,0.9999863,2.5643e-07,6.5615e-08,8.873418e-06,2.9610303e-10
9579641,K00115.02,Kepler-105 c,CONFIRMED,5,CONFIRMED,2.7178148e-08,6.434264e-07,6.768329e-08,3.554565e-07,4.7361917e-07,0.99998295,3.497348e-07,5.2195958e-08,1.5080229e-05,8.0833806e-10
11656840,K00774.01,,FALSE POSITIVE,5,CONFIRMED,1.6683915e-06,1.9101505e-07,2.9359562e-06,5.2644946e-06,1.43487805e-05,0.99921954,1.0202676e-05,6.3617125e-07,0.0007452211,5.690796e-09
11754553,K00775.01,Kepler-52 c,CONFIRMED,5,CONFIRMED,6.110265e-07,3.5885915e-07,2.6986905e-07,3.3052263e-06,1.0220889e-06,0.99998,1.2352542e-06,8.838827e-08,1.31463985e-05,6.2429273e-10
11754553,K00775.02,Kepler-52 b,CONFIRMED,5,CONFIRMED,4.2998016e-07,1.1191331e-06,2.2860206e-06,5.206917e-06,3.3573306e-06,0.99991417,2.3942398e-06,3.2442833e-07,7.064433e-05,4.0200474e-09
11754553,K00775.03,Kepler-52 d,CONFIRMED,5,CONFIRMED,7.7792535e-08,7.628047e-08,3.3605846e-07,1.6455751e-06,2.5155566e-06,0.9999851,2.061648e-07,4.702274e-08,1.0030925e-05,8.846318e-10
11812062,K00776.01,Kepler-673 b,CONFIRMED,5,CONFIRMED,3.4963193e-06,3.1248715e-07,1.17907075e-05,8.001979e-06,1.0303618e-06,0.99957865,3.795655e-05,3.7208365e-06,0.0003550085,7.4017317e-09
11818800,K00777.01,,CANDIDATE,5,CONFIRMED,1.8546459e-06,1.1576694e-06,4.6977234e-06,1.00889265e-05,2.009109e-05,0.9996425,1.9795107e-06,1.561816e-06,0.00031600412,5.3281313e-09
11853255,K00778.01,Kepler-674 b,CONFIRMED,5,CONFIRMED,2.3649802e-06,1.418165e-06,8.743521e-07,1.3666931e-05,1.1424851e-06,0.9998375,9.722637e-07,1.973306e-07,0.00014185357,3.0079939e-09
11909839,K00779.01,,FALSE POSITIVE,5,CONFIRMED,1.3685058e-06,3.2497607e-07,3.1314419e-06,1.3311902e-06,2.0102856e-05,0.9996748,9.593138e-06,4.962245e-07,0.00028892138,4.7671227e-09
11918099,K00780.01,Kepler-675 b,CONFIRMED,5,CONFIRMED,1.2001293e-06,2.0166697e-06,8.3617937e-07,2.3718255e-06,2.3146097e-06,0.99995255,3.093951e-06,1.02456845e-07,3.5544843e-05,3.0184384e-09
11918099,K00780.02,,CANDIDATE,5,CONFIRMED,1.0788431e-06,1.8126264e-06,9.985221e-08,6.0553493e-06,1.4373528e-06,0.9999627,2.0221336e-07,2.3217817e-07,2.6447015e-05,1.6315223e-09
9579641,K00115.03,,CANDIDATE,5,CONFIRMED,2.302277e-08,1.1086614e-06,1.8069272e-07,3.6718355e-08,1.8006433e-07,0.99996984,4.3660324e-07,3.1414064e-08,2.8125209e-05,8.6704005e-10
11923270,K00781.01,Kepler-676 b,CONFIRMED,5,CONFIRMED,1.5506674e-06,1.2033263e-07,4.6844953e-06,3.3092833e-06,1.8502915e-06,0.99988484,4.0181994e-06,4.0894113e-07,9.922001e-05,3.1451546e-09
11960862,K00782.01,Kepler-677 b,CONFIRMED,5,CONFIRMED,1.710671e-06,1.0688243e-06,6.003048e-06,2.7251745e-06,2.7741748e-05,0.99977845,4.0319355e-06,2.2543677e-06,0.00017605154,6.8746453e-09
12020329,K00783.01,Kepler-678 b,CONFIRMED,5,CONFIRMED,5.444268e-07,7.3861565e-07,2.2152904e-06,3.8176786e-06,0.00010924332,0.9997894,1.8068829e-06,1.1366302e-06,9.111497e-05,3.494154e-09
12066335,K00784.01,Kepler-231 c,CONFIRMED,5,CONFIRMED,8.4455974e-07,2.697399e-07,3.2857892e-07,3.9372153e-06,2.3514592e-07,0.99997425,1.3184699e-06,9.5706405e-08,1.8710369e-05,7.025715e-10
12066335,K00784.02,Kepler-231 b,CONFIRMED,5,CONFIRMED,1.6103465e-06,7.936959e-07,7.983997e-07,5.7954812e-06,2.7627068e-06,0.99993765,5.0963115e-07,1.4432486e-07,4.9971924e-05,2.9707872e-09
12070811,K00785.01,Kepler-679 b,CONFIRMED,5,CONFIRMED,4.855783e-07,8.84128e-07,1.5463372e-07,1.7324522e-06,1.2878601e-05,0.999949,8.07181e-07,1.8357447e-07,3.3897057e-05,3.795609e-09
8395660,K00116.02,Kepler-106 e,CONFIRMED,5,CONFIRMED,2.272786e-07,9.167683e-07,1.8921578e-07,1.520414e-06,7.332779e-06,0.9999727,3.362011e-07,4.2509345e-08,1.67098e-05,1.2013335e-09
3120431,K00798.01,,FALSE POSITIVE,5,CONFIRMED,3.441205e-07,2.1191058e-06,4.814988e-07,2.1621713e-06,2.1144203e-06,0.99993014,1.0556356e-05,5.003883e-07,5.153112e-05,3.500884e-09
3246984,K00799.01,,FALSE POSITIVE,5,CONFIRMED,3.0903374e-07,7.785462e-07,1.6833189e-06,4.968174e-06,4.9038113e-06,0.9998154,8.067377e-05,8.6327003e-07,9.040662e-05,2.9857037e-09
3342970,K00800.01,Kepler-234 b,CONFIRMED,5,CONFIRMED,2.9376304e-07,3.0709273e-07,1.4957601e-07,4.7408167e-07,2.0965066e-07,0.99998724,2.0888021e-06,1.8700328e-08,9.250702e-06,8.3064816e-10
3342970,K00800.02,Kepler-234 c,CONFIRMED,5,CONFIRMED,1.00409444e-07,3.151075e-07,3.2947284e-08,6.3940274e-07,1.889223e-06,0.9999907,1.8689491e-07,4.6238032e-08,6.0709813e-06,7.9106016e-10
12459725,K00789.01,,FALSE POSITIVE,5,CONFIRMED,9.1000396e-07,1.8801582e-06,2.7226486e-07,3.3178203e-06,3.0987542e-06,0.99996555,1.4533463e-06,5.553379e-08,2.3495088e-05,7.892965e-10
12470844,K00790.01,Kepler-233 b,CONFIRMED,5,CONFIRMED,1.7479688e-07,5.3684744e-07,2.4445373e-07,4.596945e-06,2.2759327e-06,0.99997294,1.3015401e-06,1.1548587e-07,1.7862307e-05,1.8657833e-09
12470844,K00790.02,Kepler-233 c,CONFIRMED,5,CONFIRMED,2.948695e-07,1.5184605e-07,2.858344e-07,1.1505304e-06,3.498436e-06,0.9999759,4.8596945e-07,6.3613896e-08,1.8139153e-05,1.5991753e-09
12644822,K00791.01,Kepler-682 b,CONFIRMED,5,CONFIRMED,1.4065022e-06,5.201776e-07,4.706421e-06,2.9417195e-06,2.4040603e-05,0.9998404,3.093023e-06,2.3635575e-06,0.00012054707,7.9250615e-09
2440757,K00792.01,,FALSE POSITIVE,5,CONFIRMED,7.598337e-08,6.4583e-08,6.617154e-07,1.1392546e-06,2.530489e-06,0.99992025,2.3360064e-05,4.4280972e-07,5.1470888e-05,9.892129e-10
2445129,K00793.01,,FALSE POSITIVE,5,CONFIRMED,1.9024583e-07,3.4715913e-07,6.583906e-08,1.3550919e-06,2.2339705e-06,0.99997723,5.338528e-07,1.5174578e-07,1.7875062e-05,1.3075927e-09
2713049,K00794.01,Kepler-683 b,CONFIRMED,5,CONFIRMED,3.503595e-07,1.6412878e-07,1.204168e-07,2.72905e-07,2.1648414e-07,0.99999464,5.461242e-07,7.657315e-09,3.6345543e-06,5.2134524e-10
3114167,K00795.01,Kepler-684 b,CONFIRMED,5,CONFIRMED,4.331866e-07,1.0999228e-06,1.8867875e-06,5.6036624e-06,5.369014e-06,0.99989176,4.8905295e-06,3.407158e-07,8.858253e-05,4.32529e-09
3114661,K00796.01,,FALSE POSITIVE,5,CONFIRMED,2.4012454e-06,1.5790205e-06,1.39363565e-05,3.924741e-06,4.709261e-05,0.9967558,0.0016368506,2.5726004e-06,0.0015358279,1.9557783e-08
3115833,K00797.01,,CANDIDATE,5,CONFIRMED,2.4869428e-06,8.231406e-07,3.2382038e-06,4.50768e-06,2.5324225e-05,0.9996784,6.696462e-06,2.3523364e-06,0.00027616747,8.661101e-09
4139816,K00812.02,Kepler-235 d,CONFIRMED,5,CONFIRMED,5.590452e-07,2.578586e-07,1.1671833e-06,1.5948727e-06,2.9690484e-06,0.9999696,9.441507e-07,3.1173798e-07,2.2589646e-05,7.1101264e-10
4139816,K00812.03,Kepler-235 e,CONFIRMED,5,CONFIRMED,1.3492954e-07,2.2896756e-07,1.4379314e-06,2.306768e-06,1.6376744e-06,0.9999378,4.6088041e-07,8.7265235e-08,5.59044e-05,8.95468e-10
8395660,K00116.04,Kepler-106 d,CONFIRMED,5,CONFIRMED,3.7413077e-08,1.5006399e-06,1.3465183e-07,1.0842903e-07,2.3416371e-06,0.99996793,1.3087771e-07,4.0587274e-08,2.7814327e-05,9.042674e-10
4139816,K00812.04,Kepler-235 c,CONFIRMED,5,CONFIRMED,5.804563e-07,1.1586159e-06,3.9845776e-07,5.0167787e-06,7.3398287e-06,0.9999447,1.2485606e-06,1.0967949e-07,3.9470033e-05,3.4425842e-09
4275191,K00813.01,Kepler-688 b,CONFIRMED,5,CONFIRMED,2.0973318e-06,1.5741395e-07,1.9977577e-05,6.3260477e-06,2.0794096e-06,0.9995517,2.6215615e-05,1.8986035e-06,0.00038945564,5.7591545e-09
4476123,K00814.01,Kepler-689 b,CONFIRMED,5,CONFIRMED,8.2851113e-07,9.189238e-07,2.688574e-07,3.9016345e-06,2.4299252e-05,0.99994266,1.0929623e-06,1.5804844e-07,2.5914072e-05,9.093294e-10
3351888,K00801.01,Kepler-685 b,CONFIRMED,5,CONFIRMED,5.58667e-07,6.87236e-08,9.570335e-06,6.654625e-07,1.1622508e-06,0.9998079,3.0962525e-05,4.552295e-07,0.00014866707,1.5329974e-09
3453214,K00802.01,,CANDIDATE,5,CONFIRMED,1.4634748e-05,6.475036e-07,1.3788344e-05,3.722301e-06,8.476791e-05,0.99873406,9.624311e-06,1.2302199e-06,0.0011375641,2.6370697e-09
3554600,K00803.01,,FALSE POSITIVE,5,CONFIRMED,9.118731e-07,6.528374e-06,3.103942e-07,5.824242e-06,7.5958087e-06,0.9999136,1.919214e-06,2.868526e-07,6.307145e-05,5.4312936e-09
3641726,K00804.01,Kepler-1727 b,CONFIRMED,5,CONFIRMED,1.09496504e-07,5.4865177e-07,1.3913095e-07,5.3992943e-07,5.9423314e-06,0.9999801,6.151539e-07,9.016407e-08,1.1963006e-05,1.5565693e-09
3734868,K00805.01,,FALSE POSITIVE,5,CONFIRMED,2.5219157e-07,1.4649544e-07,1.1120616e-06,9.043462e-07,8.3907635e-06,0.99989724,4.0428226e-06,2.114846e-07,8.763528e-05,1.814461e-09
3832474,K00806.01,Kepler-30 d,CONFIRMED,5,CONFIRMED,1.6708425e-07,1.87254e-07,7.1809295e-06,1.2839262e-06,1.6000824e-05,0.99985516,6.6554855e-07,7.585708e-08,0.00011923183,1.5410794e-09
8395660,K00116.03,Kepler-106 b,CONFIRMED,5,CONFIRMED,2.8733433e-08,2.4474214e-06,1.9097827e-07,7.45482e-08,1.0786882e-06,0.99996126,1.1924782e-07,6.4344896e-08,3.4717545e-05,1.6151408e-09
3832474,K00806.02,Kepler-30 c,CONFIRMED,5,CONFIRMED,9.046261e-07,2.583673e-07,4.4925564e-06,1.9174088e-06,6.8733614e-05,0.99964786,2.004036e-06,1.613411e-07,0.00027371795,2.880034e-09
3832474,K00806.03,Kepler-30 b,CONFIRMED,5,CONFIRMED,6.528833e-07,1.7601558e-06,3.134618e-07,2.5123682e-06,1.3992673e-05,0.99995756,5.1924275e-07,2.2606334e-07,2.2456523e-05,2.0525532e-09
3836375,K00807.01,,FALSE POSITIVE,5,CONFIRMED,2.8128653e-07,7.069486e-07,6.708176e-07,4.3087066e-06,4.4613635e-06,0.9999207,6.36706e-06,1.5642655e-07,6.231355e-05,2.3164912e-09
11446443,K00001.01,Kepler-1 b,CONFIRMED,5,CONFIRMED,1.0021777e-05,3.1396925e-07,6.67373e-05,2.6073126e-06,3.571555e-06,0.9991627,4.1388965e-05,2.5664274e-06,0.0007101755,6.4641577e-09
3838486,K00808.01,,FALSE POSITIVE,5,CONFIRMED,1.2096522e-06,3.52934e-06,1.5943056e-07,1.2807496e-06,2.3592295e-06,0.999974,8.570838e-06,1.0450259e-07,8.759826e-06,2.4362523e-09
3935914,K00809.01,Kepler-686 b,CONFIRMED,5,CONFIRMED,2.760588e-06,2.8857815e-07,8.49148e-05,2.6061925e-06,5.6579343e-06,0.9987544,0.00016571514,2.387213e-06,0.0009813304,5.973248e-09
3940418,K00810.01,Kepler-1728 b,CONFIRMED,5,CONFIRMED,2.6682121e-06,1.4304416e-06,6.338472e-07,6.0597454e-06,1.2106887e-06,0.99994063,4.8328075e-06,7.829189e-08,4.2443033e-05,3.4893877e-09
4049131,K00811.01,Kepler-687 b,CONFIRMED,5,CONFIRMED,1.0397149e-06,1.1858233e-06,1.561872e-06,4.8973534e-06,2.1142036e-05,0.9999157,1.4848866e-06,7.5728997e-07,5.2203777e-05,1.288e-09
4139816,K00812.01,Kepler-235 b,CONFIRMED,5,CONFIRMED,1.1796304e-06,9.370045e-07,5.547157e-06,4.7813232e-06,2.1644335e-06,0.9998677,1.3981612e-05,1.0134826e-06,0.00010270343,4.1314845e-09
5287983,K00828.01,,FALSE POSITIVE,5,CONFIRMED,6.0084557e-07,1.6530938e-06,1.6461167e-06,6.6722746e-06,1.1176712e-06,0.99990404,5.11744e-06,5.04831e-07,7.8624194e-05,3.859063e-09
5358241,K00829.01,Kepler-53 b,CONFIRMED,5,CONFIRMED,1.6841963e-07,2.1762575e-07,9.862816e-08,1.1266994e-06,1.7391466e-06,0.99998796,3.4507343e-07,6.733969e-08,8.286724e-06,3.1610545e-10
10875245,K00117.02,Kepler-107 c,CONFIRMED,5,CONFIRMED,8.528919e-08,2.3589007e-06,1.815786e-07,2.0205331e-07,2.0950876e-07,0.9999653,3.067348e-07,8.317104e-08,3.125195e-05,1.6893636e-09
5358241,K00829.02,Kepler-53 d,CONFIRMED,5,CONFIRMED,7.327958e-07,5.3970297e-07,1.0018418e-07,5.2299526e-07,2.380332e-06,0.9999802,3.6947995e-07,1.07942746e-07,1.50158385e-05,1.4053719e-09
5358241,K00829.03,Kepler-53 c,CONFIRMED,5,CONFIRMED,3.4190546e-07,3.3714088e-07,1.1451469e-07,1.8698363e-06,5.8173255e-06,0.99997365,3.938206e-07,3.94171e-08,1.7479384e-05,9.576596e-10
5358624,K00830.01,Kepler-428 b,CONFIRMED,5,CONFIRMED,2.186516e-06,2.1253108e-07,1.0139837e-05,4.8947927e-06,5.358669e-06,0.9988182,3.7762085e-05,6.7600234e-07,0.0011205553,5.7789182e-09
4544670,K00815.01,,CANDIDATE,5,CONFIRMED,2.8989652e-06,1.109556e-06,5.7625816e-06,9.854033e-06,1.8378392e-05,0.9995958,6.003903e-06,1.1079836e-06,0.00035905794,5.6761764e-09
4664847,K00816.01,Kepler-690 b,CONFIRMED,5,CONFIRMED,2.210268e-07,5.10612e-07,2.0109496e-06,7.3575967e-07,7.855725e-06,0.99994063,1.3073623e-06,8.1330955e-07,4.5930567e-05,2.2452051e-09
4725681,K00817.01,Kepler-236 c,CONFIRMED,5,CONFIRMED,1.7466151e-07,9.5341484e-08,1.7285167e-07,1.4730679e-06,4.127529e-06,0.9999821,3.981957e-07,7.156455e-08,1.1386641e-05,3.8021816e-10
4725681,K00817.02,Kepler-236 b,CONFIRMED,5,CONFIRMED,1.5935711e-06,7.986704e-07,3.437457e-07,5.7052034e-06,8.973079e-06,0.99990463,4.3049548e-07,6.2923476e-08,7.743312e-05,2.2673858e-09
4913852,K00818.01,Kepler-691 b,CONFIRMED,5,CONFIRMED,3.381977e-07,6.8634733e-07,1.4990375e-06,3.9128026e-06,2.1148953e-06,0.99990857,3.5730457e-06,3.7739116e-07,7.8871184e-05,2.9828569e-09
4932348,K00819.01,,FALSE POSITIVE,5,CONFIRMED,1.5438584e-06,3.3949564e-07,2.2922482e-06,4.9420996e-06,1.3398616e-05,0.99934953,2.4665258e-06,3.7716364e-07,0.00062504807,3.7168717e-09
4936180,K00820.01,,CANDIDATE,5,CONFIRMED,1.6485498e-06,4.095224e-06,1.6259565e-06,1.5429618e-05,1.0732245e-05,0.9996282,3.123142e-06,9.904505e-06,0.0003252377,8.3775245e-09
11913073,K00011.01,,FALSE POSITIVE,5,CONFIRMED,1.7385435e-06,4.0876293e-06,3.445195e-07,2.9841522e-06,1.9561012e-06,0.9999225,1.3534156e-05,2.1986608e-07,5.2622352e-05,4.5362047e-09
10875245,K00117.01,Kepler-107 e,CONFIRMED,5,CONFIRMED,1.5313977e-06,6.5937814e-07,1.026456e-07,5.0392856e-07,3.718939e-06,0.999985,4.610279e-07,3.5298967e-08,8.040496e-06,3.075717e-10
5021899,K00821.01,Kepler-692 b,CONFIRMED,5,CONFIRMED,6.5705206e-07,9.692466e-07,3.1559273e-07,3.5701182e-06,2.2648092e-05,0.99994814,1.0546177e-06,2.6303258e-07,2.2371793e-05,1.0000618e-09
5077629,K00822.01,,FALSE POSITIVE,5,CONFIRMED,1.0286043e-06,2.0433474e-07,4.1705657e-06,2.0097918e-06,9.4438155e-06,0.9994355,6.144487e-06,1.6007069e-06,0.00053986214,6.2518732e-09
5115978,K00823.01,,CANDIDATE,5,CONFIRMED,5.31016e-07,4.403856e-07,1.3217101e-05,3.1690563e-06,4.2970373e-06,0.9983279,0.0004856646,8.20508e-06,0.0011565823,4.3419566e-09
5164255,K00824.01,Kepler-693 b,CONFIRMED,5,CONFIRMED,8.2479784e-07,1.6231695e-07,3.3320541e-06,2.192439e-06,6.8552254e-06,0.99961543,5.381359e-06,6.233048e-07,0.0003652029,1.2865233e-09
5252423,K00825.01,Kepler-237 c,CONFIRMED,5,CONFIRMED,1.12806624e-07,8.1218525e-07,1.0222777e-07,1.2306417e-06,4.503158e-06,0.9999764,8.2522865e-07,7.361814e-08,1.5978561e-05,1.7427697e-09
5252423,K00825.02,Kepler-237 b,CONFIRMED,5,CONFIRMED,2.7230537e-06,1.7096397e-06,7.53862e-07,3.992706e-06,1.4970021e-06,0.9999527,5.464293e-06,1.0002467e-07,3.1108142e-05,3.5295116e-09
5272878,K00826.01,Kepler-694 b,CONFIRMED,5,CONFIRMED,1.3520057e-06,8.876323e-07,2.2134269e-07,2.3274417e-06,2.5175652e-06,0.9999517,2.5957977e-06,8.188689e-08,3.8283124e-05,2.4690088e-09
5283542,K00827.01,,FALSE POSITIVE,5,CONFIRMED,2.6238267e-06,1.2010406e-06,2.6323946e-07,2.5114068e-06,2.26846e-06,0.9999238,2.424707e-06,1.6976773e-07,6.475614e-05,3.2910017e-09
5649215,K00839.01,,FALSE POSITIVE,5,CONFIRMED,2.877455e-07,1.976416e-06,2.5400647e-07,9.687334e-07,2.6590228e-06,0.99995255,9.238082e-06,1.8025243e-07,3.1846335e-05,3.4556835e-09
5651104,K00840.01,Kepler-695 b,CONFIRMED,5,CONFIRMED,3.8256685e-06,2.3516351e-07,3.3036664e-05,3.93668e-06,3.0063893e-06,0.99919206,5.716177e-05,3.9621073e-06,0.00070273783,5.6321996e-09
5792202,K00841.01,Kepler-27 b,CONFIRMED,5,CONFIRMED,2.104864e-06,7.3890067e-07,5.097768e-06,3.4442735e-06,4.4427943e-05,0.99983287,3.6328022e-06,9.804764e-07,0.00010665152,1.604868e-09
10875245,K00117.04,Kepler-107 d,CONFIRMED,5,CONFIRMED,4.0477968e-08,1.677398e-06,1.6356988e-07,9.5357976e-08,8.7994664e-07,0.9999682,6.773847e-08,1.2131137e-07,2.875122e-05,1.8083395e-09
5792202,K00841.02,Kepler-27 c,CONFIRMED,5,CONFIRMED,1.90141e-06,6.139861e-07,5.3458343e-06,6.001233e-06,2.8161154e-05,0.99978036,2.3407156e-06,2.2646916e-06,0.00017306015,5.3978653e-09
5370302,K00831.01,,FALSE POSITIVE,5,CONFIRMED,2.9722448e-06,4.6390136e-07,1.0829531e-05,1.2167873e-06,3.9256765e-06,0.99937975,1.8385621e-05,2.4094272e-06,0.0005800662,6.073811e-09
5372966,K00832.01,,FALSE POSITIVE,5,CONFIRMED,1.8882625e-06,2.3798174e-07,1.0249695e-06,1.0567242e-06,1.6093163e-05,0.9992955,4.3325936e-06,1.4021494e-07,0.00067976,3.808468e-09
5376067,K00833.01,,FALSE POSITIVE,5,CONFIRMED,1.0178517e-06,4.763133e-07,6.949693e-06,2.2164002e-05,7.0179344e-06,0.99971765,2.2349897e-05,1.7214481e-06,0.00022063333,7.170898e-09
5436502,K00834.01,Kepler-238 e,CONFIRMED,5,CONFIRMED,3.9760275e-07,3.8979235e-07,8.078371e-07,2.856143e-06,0.00029807698,0.99965155,7.631865e-07,4.2901942e-07,4.477895e-05,6.699827e-10
5436502,K00834.02,Kepler-238 d,CONFIRMED,5,CONFIRMED,9.2452564e-07,5.276859e-07,9.753187e-08,1.2249727e-06,3.068836e-06,0.99998736,2.414927e-07,4.505389e-08,6.4851133e-06,2.6772248e-10
10666592,K00002.01,Kepler-2 b,CONFIRMED,5,CONFIRMED,7.3752113e-07,3.2949652e-07,5.6155586e-06,2.2886547e-07,1.9286445e-06,0.99986756,1.2162062e-05,3.0897343e-06,0.00010832105,2.3307716e-09
5436502,K00834.03,Kepler-238 c,CONFIRMED,5,CONFIRMED,7.6789675e-08,1.1701857e-06,1.0759636e-07,5.0039984e-07,4.9274972e-06,0.99997985,5.2480425e-07,1.0285948e-07,1.268067e-05,1.4970861e-09
5436502,K00834.04,Kepler-238 b,CONFIRMED,5,CONFIRMED,3.818664e-08,1.1523259e-06,2.9694087e-07,6.08727e-08,2.6390677e-07,0.999977,6.2489346e-07,2.1762075e-08,2.049841e-05,9.0316893e-10
10875245,K00117.03,Kepler-107 b,CONFIRMED,5,CONFIRMED,4.6544656e-08,1.9139782e-06,2.5590091e-07,8.831276e-08,2.7961093e-07,0.99997413,5.7764595e-07,7.4525836e-08,2.2576009e-05,1.3200504e-09
5436502,K00834.05,Kepler-238 f,CONFIRMED,5,CONFIRMED,4.8313296e-07,7.799866e-07,1.8005044e-07,4.975213e-07,9.733004e-06,0.9999795,1.8311881e-07,2.4229207e-08,8.661494e-06,1.0004136e-09
5456651,K00835.01,Kepler-239 b,CONFIRMED,5,CONFIRMED,5.069366e-07,5.1348434e-07,2.4722712e-07,2.0295379e-06,5.7328407e-07,0.99997413,8.1954465e-07,1.0085269e-07,2.101716e-05,1.770575e-09
5456651,K00835.02,Kepler-239 c,CONFIRMED,5,CONFIRMED,2.4539855e-07,4.9567853e-07,4.3446173e-07,7.341404e-07,6.7887986e-06,0.99996996,5.275142e-07,6.868875e-08,2.0774238e-05,1.603766e-09
5481416,K00836.01,,FALSE POSITIVE,5,CONFIRMED,1.7028052e-07,2.0494465e-06,1.9619974e-06,7.8757796e-07,2.99579e-07,0.9998995,3.198851e-06,9.4777555e-08,9.1918824e-05,3.2888008e-09
5531576,K00837.01,Kepler-240 c,CONFIRMED,5,CONFIRMED,4.7653643e-07,1.0765513e-06,2.3069478e-07,5.7335938e-06,2.7326446e-06,0.99994564,1.9645124e-06,1.10363075e-07,4.2080672e-05,3.0383684e-09
5531576,K00837.02,Kepler-240 b,CONFIRMED,5,CONFIRMED,1.4591501e-06,1.8586917e-06,9.0933e-07,3.0924045e-06,1.6676752e-06,0.9999552,5.291078e-06,7.7648785e-08,3.041413e-05,3.6482612e-09
5534814,K00838.01,,FALSE POSITIVE,5,CONFIRMED,1.8752187e-06,3.587888e-07,1.2402366e-05,1.9015357e-05,1.7266702e-05,0.9994122,1.9981208e-05,3.3625229e-06,0.0005136182,9.613047e-09
6291653,K00850.01,Kepler-702 b,CONFIRMED,5,CONFIRMED,1.3557881e-06,1.4429281e-07,8.677189e-06,8.026779e-06,3.655301e-06,0.9994487,1.6317837e-05,1.0560157e-06,0.00051202445,5.23959e-09
6392727,K00851.01,Kepler-703 b,CONFIRMED,5,CONFIRMED,3.6582412e-06,4.256992e-07,7.3005667e-06,8.009315e-06,3.4618063e-06,0.9997539,1.5721067e-05,2.9359323e-06,0.00020458385,6.559396e-09
6422070,K00852.01,Kepler-704 b,CONFIRMED,5,CONFIRMED,1.87699e-06,4.0238183e-06,4.866738e-07,1.9776455e-06,3.1091404e-06,0.99994993,3.4683776e-06,3.4549396e-07,3.4750876e-05,4.4330624e-09
6428700,K00853.01,Kepler-242 b,CONFIRMED,5,CONFIRMED,8.426069e-07,4.037555e-07,2.1713427e-07,2.3607167e-06,2.900374e-06,0.9999701,1.0071133e-06,1.04632214e-07,2.2102298e-05,2.029695e-09
6428700,K00853.02,Kepler-242 c,CONFIRMED,5,CONFIRMED,4.541679e-07,1.8112516e-06,3.2715917e-07,1.933317e-06,6.7409856e-06,0.9999527,9.227619e-07,1.511473e-07,3.499361e-05,8.015217e-10
5792202,K00841.03,Kepler-27 d,CONFIRMED,5,CONFIRMED,8.288918e-07,1.6630908e-06,2.5547095e-07,4.709222e-06,2.7481487e-06,0.999948,3.2627013e-06,1.3707904e-07,3.8403618e-05,2.944232e-09
5794379,K00842.01,Kepler-241 b,CONFIRMED,5,CONFIRMED,1.9333156e-07,5.475677e-07,1.6862373e-07,1.5929728e-06,2.7483761e-06,0.9999783,7.692615e-07,7.000482e-08,1.5658437e-05,2.3746125e-09
5794379,K00842.02,Kepler-241 c,CONFIRMED,5,CONFIRMED,1.588564e-07,3.9844582e-07,1.3232764e-06,2.506278e-06,1.9377253e-06,0.99995387,8.3715156e-07,2.9000185e-07,3.8659233e-05,2.169852e-09
5881688,K00843.01,Kepler-696 b,CONFIRMED,5,CONFIRMED,9.042321e-07,2.649834e-07,5.381006e-06,1.3015529e-06,4.936417e-07,0.9999217,3.1347852e-06,3.3700957e-07,6.6448556e-05,1.9739745e-09
6022556,K00844.01,Kepler-697 b,CONFIRMED,5,CONFIRMED,1.2252987e-06,5.6294306e-07,3.2489006e-06,1.5905903e-06,6.541093e-07,0.99988914,2.3523984e-05,6.7036285e-07,7.9318e-05,3.5651797e-09
6032497,K00845.01,Kepler-698 b,CONFIRMED,5,CONFIRMED,6.1780617e-07,1.6278515e-06,2.1861234e-07,4.3005066e-06,7.490452e-06,0.9999603,2.1489402e-06,1.6250942e-07,2.3126628e-05,9.803343e-10
6061119,K00846.01,Kepler-699 b,CONFIRMED,5,CONFIRMED,9.728617e-07,2.7439754e-07,2.2496145e-06,4.943088e-06,1.2545858e-05,0.9993912,2.837164e-06,4.6402127e-07,0.0005844502,3.476585e-09
6191521,K00847.01,Kepler-700 b,CONFIRMED,5,CONFIRMED,3.459912e-07,8.614115e-07,1.4804607e-06,2.2548081e-06,7.48625e-05,0.9998841,2.1909264e-07,2.8400106e-07,3.551744e-05,1.4007385e-09
6267425,K00848.01,,FALSE POSITIVE,5,CONFIRMED,7.5036434e-07,5.3165985e-07,5.358693e-06,6.3578495e-06,2.9739872e-06,0.9994393,0.00011587176,6.239517e-06,0.00042259897,6.4902643e-09
3531558,K00118.01,Kepler-467 b,CONFIRMED,5,CONFIRMED,4.8135075e-08,1.1184095e-06,1.2201232e-07,5.877848e-07,1.3898041e-05,0.9999789,2.0320373e-07,7.778879e-08,5.0900885e-06,1.7360492e-09
6276477,K00849.01,Kepler-701 b,CONFIRMED,5,CONFIRMED,1.7050326e-07,1.0234372e-06,1.7310589e-07,8.4645734e-07,1.2348954e-06,0.9999727,9.794061e-07,8.6207336e-08,2.2764414e-05,1.9121098e-09
6863998,K00867.01,Kepler-709 b,CONFIRMED,5,CONFIRMED,3.3099712e-07,1.9947809e-06,1.0733986e-06,2.7683884e-06,1.7773921e-06,0.9999349,1.6710483e-06,4.3627207e-07,5.5011707e-05,9.876928e-10
6867155,K00868.01,,CANDIDATE,5,CONFIRMED,6.865697e-07,2.074776e-06,2.3112769e-05,4.8578033e-07,0.00065082795,0.99931717,6.7958507e-07,1.1986138e-07,4.8674797e-06,4.2233435e-09
6948054,K00869.01,Kepler-245 b,CONFIRMED,5,CONFIRMED,3.8372835e-07,1.0335413e-06,3.4836256e-07,8.8081115e-06,1.8970089e-06,0.9999597,2.2043348e-06,1.4396375e-07,2.5522531e-05,3.1186689e-09
6948054,K00869.02,Kepler-245 d,CONFIRMED,5,CONFIRMED,2.9634194e-07,1.0145643e-06,1.5476543e-06,3.005914e-06,8.303958e-06,0.9999244,1.339456e-06,3.049707e-07,5.979357e-05,2.7076323e-09
6948054,K00869.03,Kepler-245 c,CONFIRMED,5,CONFIRMED,4.9684917e-07,1.0071626e-06,3.440261e-07,3.7921468e-06,1.8418227e-06,0.9999542,1.1359831e-06,5.195122e-08,3.7121405e-05,7.150217e-10
6435936,K00854.01,Kepler-705 b,CONFIRMED,5,CONFIRMED,2.9757476e-07,2.5233535e-07,6.8175827e-06,1.9750983e-06,5.777163e-06,0.99998,1.08987884e-07,4.449632e-08,4.7469375e-06,1.3005026e-09
6522242,K00855.01,Kepler-706 b,CONFIRMED,5,CONFIRMED,1.3286162e-06,3.162718e-07,3.881921e-06,1.9377987e-06,1.5783902e-05,0.9993388,3.0501471e-06,1.5969363e-07,0.0006347566,3.6822279e-09
6526710,K00856.01,,CANDIDATE,5,CONFIRMED,1.0972229e-06,8.7266017e-07,7.202139e-06,6.4363508e-06,7.7764555e-05,0.99918264,5.79436e-06,2.8079384e-07,0.0007179341,6.1424137e-09
6587280,K00857.01,Kepler-243 b,CONFIRMED,5,CONFIRMED,9.989351e-07,1.3404158e-06,4.876473e-07,6.2735744e-06,2.404236e-06,0.99993885,4.6355817e-06,1.07718634e-07,4.4936263e-05,3.882024e-09
9471974,K00119.01,Kepler-108 b,CONFIRMED,5,CONFIRMED,1.8136757e-07,9.073015e-07,8.4460424e-07,2.7503243e-06,2.6700756e-05,0.999943,1.8156192e-07,4.957363e-08,2.5375079e-05,1.3910999e-09
6587280,K00857.02,Kepler-243 c,CONFIRMED,5,CONFIRMED,2.6913415e-06,2.4355809e-06,5.4933605e-07,2.0476168e-06,8.292509e-06,0.9999515,1.5014926e-06,7.6529574e-08,3.0896386e-05,1.1085052e-09
6599919,K00858.01,,CANDIDATE,5,CONFIRMED,2.695171e-06,1.7550117e-07,3.4408567e-06,9.9944355e-06,1.1824805e-05,0.99961483,2.9154355e-05,1.8203165e-06,0.00032600408,2.2515225e-09
6675056,K00859.01,,FALSE POSITIVE,5,CONFIRMED,4.0443663e-07,7.9839555e-07,3.0609905e-07,9.394341e-06,9.130946e-07,0.9999629,1.4939525e-06,1.2058844e-07,2.3684359e-05,2.6338258e-09
6685526,K00861.01,Kepler-707 b,CONFIRMED,5,CONFIRMED,6.452255e-07,3.6460824e-06,1.0743462e-06,1.6514481e-06,2.2729685e-06,0.9999609,2.627803e-06,1.11617794e-07,2.7066266e-05,2.8116238e-09
6756669,K00862.01,,FALSE POSITIVE,5,CONFIRMED,9.936662e-07,2.7560188e-07,1.7434879e-06,1.2905313e-06,2.6057953e-05,0.9984616,1.037021e-05,2.5068195e-07,0.0014974208,5.299805e-09
6784235,K00863.01,Kepler-708 b,CONFIRMED,5,CONFIRMED,5.352448e-07,1.1995279e-06,6.5145156e-07,4.687223e-06,1.9348206e-06,0.99994147,3.2109788e-06,8.932494e-08,4.6249937e-05,2.6971019e-09
6849310,K00864.01,Kepler-244 b,CONFIRMED,5,CONFIRMED,8.458478e-07,1.0869584e-06,5.799434e-07,6.151541e-06,5.323459e-07,0.99995995,6.562936e-06,1.1547534e-07,2.4196259e-05,2.8805045e-09
6849310,K00864.02,Kepler-244 d,CONFIRMED,5,CONFIRMED,1.8693595e-06,1.4360775e-06,3.2880808e-07,2.5666927e-06,1.808837e-05,0.9999418,1.967507e-06,1.5446459e-07,3.1755495e-05,9.646928e-10
6849310,K00864.03,Kepler-244 c,CONFIRMED,5,CONFIRMED,1.7517453e-06,1.0455183e-06,3.8229555e-07,5.9751433e-06,5.425073e-06,0.99993145,1.1305652e-06,1.1262345e-07,5.2736665e-05,3.2629752e-09
6862328,K00865.01,,CANDIDATE,5,CONFIRMED,2.4969728e-07,5.638979e-07,2.2908869e-06,1.1790552e-06,2.5545274e-05,0.9999168,5.607066e-07,1.1585885e-07,5.270407e-05,1.2772423e-09
9471974,K00119.02,Kepler-108 c,CONFIRMED,5,CONFIRMED,1.6360953e-07,3.4761385e-07,1.1863194e-07,1.2523466e-06,3.5898795e-06,0.99998736,9.122983e-08,2.2460306e-08,7.0753363e-06,8.873376e-10
6862603,K00866.01,,FALSE POSITIVE,5,CONFIRMED,4.3073013e-07,2.9458496e-07,2.2584567e-07,2.2101417e-06,1.039684e-06,0.9999708,1.3330291e-06,7.8553924e-08,2.362053e-05,1.3805892e-09
7366258,K00880.01,Kepler-82 b,CONFIRMED,5,CONFIRMED,3.498472e-07,7.8368817e-07,2.113159e-06,4.0827294e-06,2.2533764e-05,0.99992085,1.3759666e-06,5.926662e-07,4.7346155e-05,2.652762e-09
7366258,K00880.02,Kepler-82 c,CONFIRMED,5,CONFIRMED,6.7170066e-07,7.511457e-07,1.7873061e-06,3.133008e-06,0.00038345312,0.99950063,1.5204341e-06,3.5365127e-07,0.000107643566,3.589287e-09
7366258,K00880.03,Kepler-82 e,CONFIRMED,5,CONFIRMED,1.3077972e-06,1.1235942e-06,3.3464045e-07,4.1871467e-06,1.2412869e-06,0.9999242,3.5738376e-06,1.770269e-07,6.388842e-05,3.2702785e-09
7366258,K00880.04,Kepler-82 d,CONFIRMED,5,CONFIRMED,9.546695e-07,1.7624286e-06,9.548152e-07,1.4918944e-06,3.9488295e-06,0.99995863,2.8888353e-06,8.252057e-08,2.9233215e-05,3.222816e-09
7373451,K00881.01,Kepler-712 b,CONFIRMED,5,CONFIRMED,6.065544e-07,1.0389126e-06,2.6299097e-06,2.5661573e-06,1.8067496e-05,0.9999125,1.8490178e-06,6.335671e-07,6.0098366e-05,1.2741588e-09
6948054,K00869.04,Kepler-245 e,CONFIRMED,5,CONFIRMED,6.453439e-07,1.4469451e-06,7.004955e-07,2.5773588e-06,4.2436236e-06,0.9999622,2.7138867e-06,2.2381239e-07,2.526355e-05,3.018479e-09
6949607,K00870.01,Kepler-28 b,CONFIRMED,5,CONFIRMED,1.405316e-06,1.2989912e-06,3.9346043e-07,5.2536043e-06,3.3728018e-06,0.99991703,3.9855145e-06,1.3973529e-07,6.716698e-05,3.6807624e-09
6949607,K00870.02,Kepler-28 c,CONFIRMED,5,CONFIRMED,2.0387822e-07,6.4904674e-07,1.3819925e-07,2.3361506e-06,1.6799194e-06,0.9999653,9.110953e-07,8.008006e-08,2.863009e-05,1.7882076e-09
7031517,K00871.01,,CANDIDATE,5,CONFIRMED,1.7435875e-06,1.831389e-07,1.6751662e-06,3.3752267e-06,1.2078313e-05,0.9985196,4.5266947e-06,1.2756657e-07,0.001456738,5.60529e-09
11869052,K00120.01,,FALSE POSITIVE,5,CONFIRMED,1.1219511e-07,1.7656367e-06,1.5992882e-07,1.7098016e-06,3.1669065e-06,0.99998534,4.350916e-07,6.668408e-08,7.2290586e-06,4.3722267e-10
7109675,K00872.01,Kepler-46 b,CONFIRMED,5,CONFIRMED,1.4514058e-06,6.700185e-07,1.1407767e-05,7.998514e-06,2.7151553e-05,0.9996834,3.6962415e-06,3.021449e-06,0.00026125181,5.530597e-09
7109675,K00872.02,Kepler-46 d,CONFIRMED,5,CONFIRMED,1.4529892e-06,1.8136575e-06,2.7283446e-07,1.5338006e-06,3.2379644e-06,0.9999659,2.1168366e-06,1.0779349e-07,2.3612552e-05,2.7661369e-09
7118364,K00873.01,Kepler-710 b,CONFIRMED,5,CONFIRMED,5.304295e-07,4.704582e-07,2.7397024e-07,1.1818659e-06,2.1999742e-06,0.9999851,1.3998151e-06,2.5331088e-08,8.856871e-06,1.1950316e-09
7134976,K00874.01,Kepler-246 b,CONFIRMED,5,CONFIRMED,1.5120337e-06,1.1858426e-06,1.0299694e-06,6.3680977e-06,1.4021765e-06,0.99992156,5.1090697e-06,1.09504924e-07,6.167262e-05,3.443398e-09
7134976,K00874.02,Kepler-246 c,CONFIRMED,5,CONFIRMED,5.822285e-07,2.6858143e-06,2.7669054e-07,7.9868295e-07,1.2116968e-06,0.9999814,4.5751008e-07,8.0506645e-08,1.2490573e-05,2.186914e-09
7135852,K00875.01,Kepler-1729 b,CONFIRMED,5,CONFIRMED,1.0882226e-06,9.3794273e-07,7.973859e-06,2.0785865e-06,1.8212414e-06,0.9998472,6.9156367e-06,1.1450093e-06,0.00013079522,5.626076e-09
7270230,K00876.01,,FALSE POSITIVE,5,CONFIRMED,3.6293375e-06,3.1267112e-07,4.1529133e-06,1.4487477e-05,1.3388251e-05,0.9991404,9.74799e-05,5.841948e-06,0.00072025554,1.1857708e-08
7287995,K00877.01,Kepler-81 b,CONFIRMED,5,CONFIRMED,8.709163e-07,1.2959028e-06,1.907499e-06,6.704491e-06,9.679216e-07,0.9998628,4.4952067e-06,4.641145e-07,0.000120423945,4.110031e-09
7287995,K00877.02,Kepler-81 c,CONFIRMED,5,CONFIRMED,2.5624595e-07,2.957111e-06,6.4050465e-07,2.3528594e-06,2.288093e-07,0.9999788,6.5603405e-07,4.629678e-08,1.4099383e-05,2.693785e-08
7287995,K00877.03,Kepler-81 d,CONFIRMED,5,CONFIRMED,1.740459e-06,5.9901697e-07,2.8908394e-07,1.4859728e-06,5.6440745e-06,0.9999727,9.636959e-07,5.9120573e-08,1.6465949e-05,7.3855055e-10
3247396,K00121.01,,FALSE POSITIVE,5,CONFIRMED,2.665752e-07,5.192752e-07,8.1586826e-08,4.4928166e-07,3.7415814e-06,0.99998474,2.493485e-07,1.7935884e-07,9.735561e-06,1.105042e-09
7303253,K00878.01,Kepler-711 b,CONFIRMED,5,CONFIRMED,6.413852e-07,1.2463768e-06,2.8940835e-07,3.160886e-06,1.0108884e-05,0.99994695,1.3795343e-06,2.2977333e-07,3.6014466e-05,1.0521726e-09
5094751,K00123.01,Kepler-109 b,CONFIRMED,5,CONFIRMED,1.7305578e-07,1.6606409e-06,1.5060044e-07,6.776862e-07,2.8971954e-06,0.9999807,6.3893066e-07,1.4829727e-07,1.2980404e-05,1.9638797e-09
7678434,K00892.01,Kepler-716 b,CONFIRMED,5,CONFIRMED,3.7190694e-07,1.0684786e-06,7.808693e-07,1.5049324e-06,3.7583072e-07,0.99992704,8.664191e-07,2.2807028e-07,6.773559e-05,2.2610966e-09
7678434,K00892.02,Kepler-716 c,CONFIRMED,5,CONFIRMED,1.1492281e-06,2.7752885e-06,9.3149015e-07,9.55986e-06,1.2170631e-06,0.9999391,9.641681e-07,1.3846869e-07,4.4183354e-05,4.5116186e-09
7685981,K00893.01,Kepler-717 b,CONFIRMED,5,CONFIRMED,6.819682e-06,3.6893916e-06,3.445846e-07,1.690398e-06,2.3228947e-06,0.99994075,4.2616125e-06,2.437396e-07,3.9841518e-05,3.6015542e-09
7708215,K00894.01,,FALSE POSITIVE,5,CONFIRMED,6.232169e-07,2.3214575e-06,9.1108944e-07,5.1301276e-06,2.5397367e-05,0.99985206,2.0092534e-06,1.2995907e-06,0.00011019191,4.7428257e-09
7373451,K00881.02,Kepler-712 c,CONFIRMED,5,CONFIRMED,1.999409e-07,4.2987944e-07,5.531626e-06,8.990321e-07,0.00016616401,0.9998211,2.892657e-07,1.0480797e-07,5.325581e-06,1.6261034e-09
7377033,K00882.01,,FALSE POSITIVE,5,CONFIRMED,4.5629395e-07,2.3786545e-07,9.296664e-06,7.643429e-06,1.2442482e-05,0.99803406,0.00018740908,5.235748e-07,0.0017479564,5.958191e-09
7380537,K00883.01,,CANDIDATE,5,CONFIRMED,1.0647918e-06,3.572679e-07,1.2996846e-05,5.0819353e-06,8.713885e-06,0.999226,4.647705e-05,5.300935e-07,0.0006988399,4.897185e-09
7434875,K00884.01,Kepler-247 c,CONFIRMED,5,CONFIRMED,7.249063e-07,2.045677e-07,3.3883794e-06,1.9286363e-06,4.2707948e-06,0.99991393,2.7632368e-06,9.963736e-07,7.180684e-05,2.3169968e-09
8349582,K00122.01,Kepler-95 b,CONFIRMED,5,CONFIRMED,5.4026714e-07,5.1345734e-07,1.1131491e-07,5.359119e-07,1.4666947e-06,0.9999883,2.2457982e-07,1.13137546e-07,8.193707e-06,1.1477341e-09
7434875,K00884.02,Kepler-247 d,CONFIRMED,5,CONFIRMED,1.2742282e-06,2.4259552e-06,1.9813765e-06,1.0162469e-05,1.2919526e-06,0.99992454,3.7657478e-06,3.6485707e-07,5.419857e-05,1.225948e-09
7434875,K00884.03,Kepler-247 b,CONFIRMED,5,CONFIRMED,5.756159e-07,1.4000659e-06,7.032304e-07,3.7315192e-06,2.61083e-06,0.99995923,2.3286002e-06,3.0547503e-07,2.909983e-05,3.003773e-09
7455287,K00886.01,Kepler-54 b,CONFIRMED,5,CONFIRMED,4.0941623e-07,4.7288876e-07,1.0959284e-06,4.0583304e-06,7.214902e-07,0.99993396,2.0821676e-06,3.4156434e-07,5.689106e-05,2.5554945e-09
7455287,K00886.02,Kepler-54 c,CONFIRMED,5,CONFIRMED,2.6649911e-07,2.427523e-07,1.9357813e-07,1.216291e-06,8.510788e-07,0.999974,4.8633666e-07,1.7277956e-07,2.2600003e-05,5.587412e-09
7455287,K00886.03,Kepler-54 d,CONFIRMED,5,CONFIRMED,7.777042e-07,2.1975477e-07,2.3928797e-07,4.647094e-06,1.1701921e-06,0.9999654,6.730996e-07,3.778208e-08,2.6761032e-05,4.495037e-10
7458762,K00887.01,Kepler-713 b,CONFIRMED,5,CONFIRMED,6.0088956e-07,1.6407905e-06,2.401197e-07,8.3039995e-06,3.1332827e-06,0.99994576,2.0839066e-06,1.2310623e-07,3.8142993e-05,3.2369742e-09
7552344,K00888.01,,FALSE POSITIVE,5,CONFIRMED,5.747777e-06,1.2413877e-06,8.294664e-06,9.242414e-06,9.655987e-07,0.9988217,5.553273e-06,2.428375e-07,0.0011470105,4.6732813e-09
757450,K00889.01,Kepler-75 b,CONFIRMED,5,CONFIRMED,1.3125941e-06,9.9655644e-08,1.3722961e-05,2.550699e-06,1.4872173e-05,0.9995334,9.75902e-06,9.213885e-07,0.00042330712,4.0297534e-09
7585481,K00890.01,Kepler-714 b,CONFIRMED,5,CONFIRMED,3.4787143e-07,1.15478464e-07,2.1470473e-06,6.878979e-07,2.593108e-06,0.99991834,2.2652287e-06,7.5171045e-07,7.279585e-05,1.9918076e-09
7663691,K00891.01,Kepler-715 b,CONFIRMED,5,CONFIRMED,1.9372615e-07,3.0342864e-07,3.884579e-08,1.0045135e-06,1.637383e-06,0.9999821,4.776221e-07,1.7486317e-07,1.3999705e-05,1.1497406e-09
5812701,K00012.01,Kepler-448 b,CONFIRMED,5,CONFIRMED,3.5101644e-07,1.8191486e-07,2.2386487e-06,1.7826543e-06,2.8592243e-05,0.9998957,1.6494628e-06,2.5502138e-07,6.9193666e-05,6.265877e-10
8013419,K00901.01,,CANDIDATE,5,CONFIRMED,3.2583548e-06,1.3846442e-07,7.39374e-06,4.944758e-06,1.2285228e-05,0.99975747,6.0853013e-06,2.229602e-06,0.00020621766,6.839986e-09
8018547,K00902.01,,CANDIDATE,5,CONFIRMED,4.1890976e-07,1.6566386e-06,8.911674e-06,1.8296495e-06,0.0001960617,0.999785,1.756888e-07,2.67386e-07,5.648383e-06,2.00562e-09
8039892,K00903.01,Kepler-719 b,CONFIRMED,5,CONFIRMED,3.0818999e-06,1.534283e-06,9.960741e-06,2.796447e-06,3.044537e-06,0.9995061,1.8659923e-05,4.280043e-06,0.0004504768,9.81794e-09
8150320,K00904.01,Kepler-55 d,CONFIRMED,5,CONFIRMED,2.2777383e-06,1.1343226e-06,1.2671322e-06,4.2289694e-06,4.726506e-06,0.99993336,3.378581e-06,1.7162513e-07,4.9413924e-05,2.8370912e-09
8150320,K00904.02,Kepler-55 b,CONFIRMED,5,CONFIRMED,2.783768e-07,2.7628263e-07,2.1728296e-07,3.9850793e-06,5.039775e-06,0.9999728,4.9407345e-07,1.7554191e-07,1.67201e-05,1.7298281e-09
11086270,K00124.01,Kepler-110 b,CONFIRMED,5,CONFIRMED,3.6889535e-08,1.3111451e-06,1.4899469e-07,2.6214278e-07,3.346843e-06,0.99998987,2.9155223e-07,1.490052e-07,4.608655e-06,1.5979414e-09
7767559,K00895.01,,FALSE POSITIVE,5,CONFIRMED,2.299812e-06,5.444179e-07,8.675427e-06,1.0216172e-06,4.1666344e-06,0.999345,8.27729e-06,2.21291e-06,0.000627834,5.5271228e-09
7825899,K00896.01,Kepler-248 c,CONFIRMED,5,CONFIRMED,1.4353418e-06,7.6574923e-07,4.1496924e-06,4.6001423e-06,2.5683388e-05,0.9999082,1.906847e-06,6.7491607e-07,5.2560965e-05,1.4142597e-09
7825899,K00896.02,Kepler-248 b,CONFIRMED,5,CONFIRMED,6.332406e-07,1.4493944e-06,1.2097215e-06,3.4925756e-06,2.126333e-06,0.9999273,2.5650672e-06,4.821126e-07,6.0782346e-05,3.2206624e-09
7849854,K00897.01,Kepler-718 b,CONFIRMED,5,CONFIRMED,5.070657e-07,5.689179e-08,1.4128148e-05,4.597978e-07,1.0181504e-06,0.99981576,1.7793705e-05,3.9059915e-07,0.000149902,1.2191087e-09
7870390,K00898.01,Kepler-83 b,CONFIRMED,5,CONFIRMED,7.3531737e-07,2.3145378e-07,2.7844164e-06,4.4479493e-06,4.7017174e-06,0.9998772,5.492966e-06,1.234973e-06,0.00010312782,3.920185e-09
7870390,K00898.02,Kepler-83 d,CONFIRMED,5,CONFIRMED,1.0138816e-06,1.5177131e-06,9.0458667e-07,6.1223423e-06,2.7266337e-06,0.9999399,3.2723067e-06,1.5144519e-07,4.439534e-05,3.8920445e-09
5094751,K00123.02,Kepler-109 c,CONFIRMED,5,CONFIRMED,2.092033e-06,1.0164804e-06,1.5259737e-07,6.59319e-07,9.810966e-06,0.9999783,3.1287544e-07,3.608719e-08,7.6203537e-06,3.8605916e-10
7870390,K00898.03,Kepler-83 c,CONFIRMED,5,CONFIRMED,5.753644e-07,3.6255818e-07,1.7525524e-06,1.9173328e-06,2.5029663e-06,0.9999429,1.1875055e-06,4.0743186e-07,4.836528e-05,9.0405156e-10
7907423,K00899.01,Kepler-249 c,CONFIRMED,5,CONFIRMED,2.1950854e-07,1.9198936e-07,1.6737067e-07,3.1212487e-06,4.9720875e-06,0.9999572,9.402681e-07,4.38221e-08,3.312442e-05,1.5811058e-09
7907423,K00899.02,Kepler-249 b,CONFIRMED,5,CONFIRMED,8.3437914e-07,2.7156314e-06,8.655889e-07,3.1927511e-06,2.908944e-06,0.99995637,2.6169998e-06,3.2088147e-07,3.0229156e-05,2.9569134e-09
7907423,K00899.03,Kepler-249 d,CONFIRMED,5,CONFIRMED,2.7969574e-07,1.0579022e-07,1.727707e-07,3.8194216e-06,3.1628156e-07,0.9999713,9.1452364e-07,2.2383523e-08,2.3107063e-05,3.3358888e-10
7938496,K00900.01,Kepler-1730 b,CONFIRMED,5,CONFIRMED,2.656619e-07,3.3512106e-07,3.5725063e-07,6.3010424e-07,3.5887467e-07,0.9999708,5.8058606e-07,9.164881e-08,2.652948e-05,2.8533356e-10
8490993,K00911.01,Kepler-722 b,CONFIRMED,5,CONFIRMED,2.3157531e-06,1.5469436e-06,8.349521e-07,8.162162e-06,1.3195569e-06,0.99991524,1.5168473e-05,1.6793732e-07,5.527804e-05,4.470532e-09
8490993,K00911.02,Kepler-722 c,CONFIRMED,5,CONFIRMED,3.2690875e-07,5.8852726e-07,3.70716e-07,3.2807604e-06,7.7295435e-06,0.9999565,4.4030253e-07,6.996259e-08,3.0685205e-05,2.2039313e-09
8505670,K00912.01,Kepler-252 c,CONFIRMED,5,CONFIRMED,5.142837e-07,4.0155223e-07,1.1377556e-06,2.1596761e-06,2.1905375e-06,0.9999465,1.9702986e-06,5.787924e-07,4.4575172e-05,2.2969981e-09
8505670,K00912.02,Kepler-252 b,CONFIRMED,5,CONFIRMED,7.3288356e-07,2.0347823e-06,4.4003573e-07,1.9026403e-06,7.912072e-06,0.9999598,3.2892551e-06,1.7060874e-07,2.3665749e-05,3.392083e-09
8544996,K00913.01,Kepler-723 b,CONFIRMED,5,CONFIRMED,7.6598843e-07,5.1086107e-07,1.293766e-05,1.0593477e-06,4.2212414e-06,0.9992404,1.0466571e-05,1.51757e-06,0.00072811,6.215794e-09
8552202,K00914.01,,CANDIDATE,5,CONFIRMED,1.0020099e-06,3.9944207e-06,3.9297618e-07,1.0278694e-06,4.4743774e-07,0.9999682,5.3965246e-06,1.488811e-07,1.9451842e-05,2.6803528e-09
8150320,K00904.03,Kepler-55 c,CONFIRMED,5,CONFIRMED,1.9699111e-07,1.0644928e-07,2.8798047e-07,9.4804767e-07,4.883639e-06,0.9999715,4.4623837e-07,2.9165683e-08,2.1635573e-05,1.1402873e-09
8150320,K00904.04,Kepler-55 e,CONFIRMED,5,CONFIRMED,2.828391e-06,1.570287e-06,9.611495e-07,6.32278e-06,1.4914867e-06,0.9999399,3.5972726e-06,1.2295229e-07,4.315589e-05,3.661625e-09
8150320,K00904.05,Kepler-55 f,CONFIRMED,5,CONFIRMED,6.152581e-07,1.0308548e-06,3.0392084e-07,6.288765e-06,1.51328e-06,0.9999521,1.5637233e-06,8.6375735e-08,3.6527483e-05,2.736721e-09
8180063,K00905.01,,FALSE POSITIVE,5,CONFIRMED,3.8723772e-07,1.3593485e-06,2.0831628e-06,2.09727e-06,5.9338017e-06,0.9998492,2.6783007e-06,1.2839907e-06,0.00013490081,6.8471793e-09
8226994,K00906.01,Kepler-250 c,CONFIRMED,5,CONFIRMED,2.7583047e-07,1.0219388e-06,1.13708374e-07,3.0076008e-06,2.241091e-06,0.9999628,2.0043215e-06,6.444043e-08,2.8482767e-05,1.7501044e-09
8226994,K00906.02,Kepler-250 d,CONFIRMED,5,CONFIRMED,4.5466842e-07,1.0032785e-06,3.2588463e-07,2.753222e-06,4.1142853e-06,0.99995744,1.5490964e-06,7.6355654e-08,3.2297507e-05,6.9563266e-10
8226994,K00906.03,Kepler-250 b,CONFIRMED,5,CONFIRMED,1.9468085e-07,3.3459132e-06,1.1361564e-06,1.5370056e-06,5.3782946e-07,0.9999361,4.6566424e-06,1.5702429e-07,5.237129e-05,3.867543e-09
8247638,K00907.01,Kepler-251 c,CONFIRMED,5,CONFIRMED,5.180787e-07,1.2714488e-06,2.9921395e-07,2.1042645e-06,3.3360905e-06,0.99997056,9.66726e-07,1.8163377e-07,2.070915e-05,8.398327e-10
8247638,K00907.02,Kepler-251 d,CONFIRMED,5,CONFIRMED,6.266511e-07,1.0235864e-06,3.5066827e-07,5.1242223e-06,1.3182168e-05,0.99994576,8.7978265e-07,1.8584889e-07,3.2883167e-05,2.474548e-09
8247638,K00907.03,Kepler-251 b,CONFIRMED,5,CONFIRMED,3.3245945e-07,6.2866748e-06,8.1016293e-07,3.357568e-06,1.7871951e-06,0.9999448,8.551736e-06,1.8935474e-07,3.3886507e-05,3.9332955e-09
11086270,K00124.02,Kepler-110 c,CONFIRMED,5,CONFIRMED,4.9984544e-07,6.227277e-07,1.4152066e-07,4.6784177e-07,4.8716493e-06,0.9999852,2.1083741e-07,6.3282535e-08,7.935131e-06,8.301159e-10
8247638,K00907.04,Kepler-251 e,CONFIRMED,5,CONFIRMED,1.6692526e-07,1.7140182e-07,3.83739e-07,1.9029433e-06,5.3241156e-06,0.99997795,7.266256e-07,1.0925865e-07,1.33069325e-05,1.6559764e-09
8255887,K00908.01,Kepler-720 b,CONFIRMED,5,CONFIRMED,5.554177e-07,1.4907891e-07,4.0861846e-06,3.75989e-07,1.3887052e-06,0.9999027,2.1600572e-06,6.831129e-07,8.7814544e-05,1.7240842e-09
8256049,K00909.01,,FALSE POSITIVE,5,CONFIRMED,4.180399e-06,3.9887993e-07,1.0794395e-06,1.0530139e-05,1.7139316e-06,0.9998878,3.7050435e-05,7.1763443e-06,5.0002945e-05,1.4903617e-09
8414716,K00910.01,Kepler-721 b,CONFIRMED,5,CONFIRMED,1.0818114e-06,1.0333503e-06,4.872085e-07,3.3372164e-06,1.2384792e-06,0.9999628,2.6348068e-06,1.18416295e-07,2.7207207e-05,3.2334997e-09
9140402,K00928.01,,CANDIDATE,5,CONFIRMED,3.2048683e-06,2.6414268e-06,7.645427e-07,5.6964404e-06,9.015777e-07,0.999923,1.0551232e-06,1.6220639e-07,6.2599414e-05,3.1592293e-09
9141746,K00929.01,Kepler-730 b,CONFIRMED,5,CONFIRMED,4.5711596e-07,1.8142164e-07,1.9037983e-06,7.0482207e-07,5.754804e-06,0.9998797,4.2169313e-06,6.7977703e-07,0.000106365704,2.5542106e-09
9159275,K00930.01,,FALSE POSITIVE,5,CONFIRMED,2.0360139e-07,3.1878305e-06,9.679295e-07,1.27600315e-05,7.324438e-06,0.9998902,3.2503962e-05,1.0248315e-06,5.1851308e-05,4.800142e-09
9166862,K00931.01,Kepler-731 b,CONFIRMED,5,CONFIRMED,2.668713e-07,1.4641454e-07,3.7735608e-06,1.760794e-07,2.1457377e-07,0.99987423,2.4099413e-06,5.079317e-07,0.00011824124,4.008479e-09
9166870,K00932.01,,FALSE POSITIVE,5,CONFIRMED,4.1434197e-07,2.0913922e-06,5.270473e-07,9.786485e-07,4.0022522e-07,0.9999647,4.0571276e-06,1.8656736e-07,2.657077e-05,3.1572647e-09
11449844,K00125.01,Kepler-468 b,CONFIRMED,5,CONFIRMED,1.3408372e-06,3.6462458e-07,3.3351148e-06,3.6342394e-06,1.5680334e-05,0.99934167,3.0338922e-06,4.5271278e-07,0.0006305122,3.716098e-09
8605074,K00915.01,,FALSE POSITIVE,5,CONFIRMED,4.9632996e-07,3.0333243e-07,1.5224124e-06,2.5988352e-06,6.7050925e-05,0.9997346,1.3126869e-06,5.400463e-08,0.00019205823,1.6099434e-09
8628973,K00916.01,Kepler-724 b,CONFIRMED,5,CONFIRMED,1.4614186e-06,3.5689275e-06,5.0772355e-06,5.0237727e-06,8.064011e-07,0.9999007,4.3612554e-06,1.0006856e-06,7.794581e-05,3.9663597e-09
8655354,K00917.01,,FALSE POSITIVE,5,CONFIRMED,8.5980906e-07,1.1971708e-06,1.7735736e-07,2.6143903e-06,3.947894e-06,0.999941,1.8767173e-06,2.0373449e-07,4.81001e-05,2.9209872e-09
8672910,K00918.01,Kepler-725 b,CONFIRMED,5,CONFIRMED,8.4847153e-07,5.601154e-07,5.7009365e-06,2.9908183e-06,5.460702e-05,0.99949324,3.8874746e-06,2.0402018e-07,0.0004379426,4.320145e-09
8686150,K00919.01,,FALSE POSITIVE,5,CONFIRMED,6.1956695e-07,2.7235077e-07,1.3363363e-06,1.6904187e-06,2.7712924e-05,0.9997737,4.4545965e-07,2.872662e-08,0.00019416821,1.4401783e-09
8689031,K00920.01,Kepler-726 b,CONFIRMED,5,CONFIRMED,7.668642e-07,1.1056163e-06,1.7794038e-07,3.0500507e-06,2.3158387e-05,0.99995744,8.066999e-07,1.3523828e-07,1.3374547e-05,8.993437e-10
8689373,K00921.01,Kepler-253 c,CONFIRMED,5,CONFIRMED,2.745452e-07,8.1893575e-07,1.2432328e-07,2.4396616e-06,2.7414085e-06,0.9999795,8.0079025e-07,1.9471454e-07,1.3071233e-05,2.8127327e-09
8689373,K00921.02,Kepler-253 d,CONFIRMED,5,CONFIRMED,4.0493643e-07,1.7679662e-06,1.3594681e-06,2.1169697e-06,1.2357434e-06,0.99995244,1.3553968e-06,6.4458413e-07,3.867466e-05,9.909916e-10
8689373,K00921.03,Kepler-253 b,CONFIRMED,5,CONFIRMED,8.1106936e-07,1.5456113e-06,8.238293e-07,2.7743504e-06,3.8737116e-06,0.9999558,2.9052992e-06,9.854865e-08,3.1375766e-05,3.4404302e-09
8826878,K00922.01,Kepler-727 b,CONFIRMED,5,CONFIRMED,6.6339663e-07,2.9678965e-06,7.323675e-07,1.9168285e-06,1.586717e-06,0.99993825,1.8818254e-06,1.8361295e-07,5.175642e-05,4.513336e-09
5897826,K00126.01,Kepler-469 b,FALSE POSITIVE,5,CONFIRMED,3.1613087e-07,2.1582053e-07,2.794208e-06,3.859237e-06,1.5910271e-05,0.99983513,5.375373e-07,2.673321e-07,0.0001408988,1.7451511e-09
8883593,K00923.01,Kepler-728 b,CONFIRMED,5,CONFIRMED,2.5925038e-07,1.644064e-05,4.8038316e-07,7.644357e-07,7.37738e-07,0.9999709,1.0091649e-06,1.1605135e-07,9.284994e-06,1.442993e-08
8951215,K00924.01,,CANDIDATE,5,CONFIRMED,6.197813e-07,3.8622994e-07,1.5969651e-07,1.4425679e-06,8.889869e-07,0.99998415,3.7207752e-07,2.333518e-08,1.19655415e-05,9.05542e-10
9016295,K00925.01,,FALSE POSITIVE,5,CONFIRMED,3.448562e-06,4.063769e-07,2.2945665e-06,2.927524e-06,2.5892747e-05,0.9985948,3.6529618e-06,1.9727263e-07,0.0013663387,1.7722892e-09
9077124,K00926.01,Kepler-729 b,CONFIRMED,5,CONFIRMED,2.3985925e-07,4.482343e-06,1.0614795e-06,5.4882975e-07,3.8878534e-07,0.99993813,1.7721299e-05,5.523451e-07,3.686753e-05,3.0320817e-09
9097120,K00927.01,,FALSE POSITIVE,5,CONFIRMED,1.0235652e-06,4.102674e-07,4.129904e-06,5.084691e-06,4.7629404e-05,0.99905676,4.648808e-06,1.2180168e-06,0.0008791434,1.8960633e-09
9466668,K00939.01,Kepler-256 c,CONFIRMED,5,CONFIRMED,5.3750316e-08,6.381867e-07,1.9762994e-07,7.5233714e-07,4.259478e-07,0.99997914,2.4137917e-06,1.0539048e-07,1.6259684e-05,1.1751428e-09
9466668,K00939.02,Kepler-256 d,CONFIRMED,5,CONFIRMED,3.137322e-08,1.5710243e-06,1.4257209e-07,2.8845736e-07,1.0416646e-06,0.99997914,5.765426e-07,1.3763295e-07,1.7032267e-05,1.3581443e-09
9466668,K00939.03,Kepler-256 b,CONFIRMED,5,CONFIRMED,3.0108186e-08,5.3086006e-07,4.925551e-07,3.308884e-07,4.989328e-07,0.99996114,9.645693e-07,2.031878e-08,3.5995883e-05,8.981779e-10
9466668,K00939.04,Kepler-256 e,CONFIRMED,5,CONFIRMED,1.509159e-07,9.1752264e-07,1.1600182e-07,3.656122e-07,6.4249423e-07,0.99998844,1.9366604e-07,8.133015e-08,9.070742e-06,1.1150499e-09
9479273,K00940.01,Kepler-734 b,CONFIRMED,5,CONFIRMED,1.9717913e-06,1.1501248e-06,1.9152712e-06,2.4326348e-06,8.244934e-06,0.99988174,4.355096e-06,1.421106e-06,9.671814e-05,5.8421215e-09
8359498,K00127.01,Kepler-77 b,CONFIRMED,5,CONFIRMED,1.9388735e-06,2.0131418e-07,1.2169786e-05,2.729836e-06,8.565817e-07,0.99922574,5.9696482e-05,2.436205e-06,0.0006941685,5.12095e-09
9171801,K00933.01,,FALSE POSITIVE,5,CONFIRMED,1.4277286e-07,9.065875e-07,4.5838408e-07,1.3698412e-06,1.5677266e-06,0.9999616,7.445082e-06,3.7613128e-07,2.6077421e-05,2.561724e-09
9334289,K00934.01,Kepler-254 b,CONFIRMED,5,CONFIRMED,2.9827518e-07,5.5428484e-07,7.2789294e-07,1.1186648e-06,3.273726e-07,0.999962,2.2279705e-06,2.884967e-07,3.2477605e-05,1.4355783e-09
9334289,K00934.02,Kepler-254 c,CONFIRMED,5,CONFIRMED,3.1075103e-07,5.150981e-07,1.0962063e-07,5.6085605e-07,3.5306978e-06,0.9999858,3.754577e-07,8.205791e-08,8.751938e-06,1.4568358e-09
9334289,K00934.03,Kepler-254 d,CONFIRMED,5,CONFIRMED,2.4737227e-07,3.9080655e-07,1.2108526e-07,8.0817995e-07,1.660436e-06,0.99998605,2.9549716e-07,4.1485194e-08,1.0389599e-05,3.019488e-10
9347899,K00935.01,Kepler-31 b,CONFIRMED,5,CONFIRMED,3.105329e-07,2.7297725e-07,4.7080223e-07,1.4817085e-06,8.440674e-06,0.99996936,6.7553754e-07,1.8360062e-07,1.8747429e-05,3.9006665e-10
9347899,K00935.02,Kepler-31 c,CONFIRMED,5,CONFIRMED,1.1486721e-07,6.0362123e-07,6.036794e-07,1.021792e-06,2.3506773e-05,0.9999449,5.846588e-07,5.5136653e-08,2.8617224e-05,1.1386487e-09
9347899,K00935.03,Kepler-31 d,CONFIRMED,5,CONFIRMED,1.7778272e-07,4.5771012e-07,1.7294823e-07,3.010318e-06,4.296999e-06,0.99998367,2.561363e-07,5.131194e-08,7.9396295e-06,1.0169244e-09
9347899,K00935.04,,CANDIDATE,5,CONFIRMED,5.9597514e-08,1.3538084e-06,1.4185132e-07,4.3674828e-07,3.5077733e-06,0.99998724,3.3901162e-07,1.7005462e-07,6.784314e-06,1.4922708e-09
9388479,K00936.01,Kepler-732 b,CONFIRMED,5,CONFIRMED,2.2663149e-07,6.297783e-08,1.2722875e-06,2.1009107e-06,1.9247186e-06,0.9999461,2.4051228e-06,4.5964822e-07,4.544379e-05,1.5902887e-09
9388479,K00936.02,Kepler-732 c,CONFIRMED,5,CONFIRMED,1.4528102e-06,1.0304267e-06,1.2444642e-06,5.8756896e-06,9.555808e-07,0.99981993,5.4202224e-06,7.9827636e-08,0.00016406937,2.7053673e-09
11359879,K00128.01,Kepler-15 b,CONFIRMED,5,CONFIRMED,9.1218214e-07,6.394499e-07,5.301543e-06,1.3796913e-06,4.294999e-06,0.9994048,5.968517e-06,2.0120217e-06,0.0005746999,6.245102e-09
9406990,K00937.01,Kepler-733 b,CONFIRMED,5,CONFIRMED,1.1052325e-06,9.601309e-07,3.2901048e-07,3.3092895e-06,1.19851275e-05,0.99996305,7.0068444e-07,1.3479995e-07,1.8478959e-05,8.716571e-10
9415172,K00938.01,Kepler-255 c,CONFIRMED,5,CONFIRMED,2.051838e-07,1.9853402e-07,6.417548e-08,8.956908e-07,2.3549678e-06,0.9999895,3.0151725e-07,1.1208714e-07,6.298334e-06,1.1388558e-09
9415172,K00938.02,Kepler-255 d,CONFIRMED,5,CONFIRMED,2.3303846e-08,5.511614e-07,5.3583926e-07,2.870795e-07,2.01673e-06,0.9999814,3.2536934e-06,2.6657519e-08,1.1894209e-05,9.46084e-10
9415172,K00938.03,Kepler-255 b,CONFIRMED,5,CONFIRMED,2.0590788e-07,6.2610974e-07,2.527831e-07,1.3575543e-06,6.016693e-07,0.99997795,1.036647e-06,5.826272e-08,1.7865088e-05,1.5870606e-09
9904059,K00145.01,,FALSE POSITIVE,5,CONFIRMED,1.505389e-07,1.2528069e-06,5.752251e-07,2.8200473e-06,1.623983e-05,0.9999486,1.1777019e-07,6.273043e-08,3.0187119e-05,1.149051e-09
3231341,K01102.02,Kepler-24 b,CONFIRMED,5,CONFIRMED,4.797811e-07,5.180521e-07,8.720347e-08,5.664649e-07,6.626187e-06,0.9999813,2.5996238e-07,1.0250885e-07,1.0071943e-05,1.2213333e-09
3231341,K01102.03,Kepler-24 e,CONFIRMED,5,CONFIRMED,4.3943896e-07,6.206493e-07,7.8847506e-08,5.442299e-07,2.7130288e-06,0.99998367,4.791539e-07,1.6450808e-07,1.1343791e-05,3.2840985e-10
3231341,K01102.04,Kepler-24 d,CONFIRMED,5,CONFIRMED,5.8573118e-08,2.3811178e-06,4.607396e-07,2.3843435e-07,2.637577e-07,0.9999641,8.886462e-07,1.3254035e-07,3.1413572e-05,1.916241e-09
2860866,K01103.01,,CANDIDATE,5,CONFIRMED,3.689933e-07,9.62858e-07,9.678117e-07,3.5152602e-06,6.199467e-05,0.9998963,1.2875846e-07,2.4693054e-07,3.556702e-05,1.450434e-09
7626506,K00150.02,Kepler-112 c,CONFIRMED,5,CONFIRMED,4.2293118e-07,1.7681725e-06,3.7364504e-07,4.075943e-06,1.421533e-05,0.9999442,8.17521e-07,1.5047006e-07,3.390908e-05,2.2187636e-09
10460629,K01168.01,,CANDIDATE,5,CONFIRMED,7.8388275e-08,1.4927217e-06,1.479766e-07,3.132745e-07,7.2545475e-07,0.9999808,3.260463e-08,8.369074e-09,1.6437622e-05,6.9560907e-10
10319385,K01169.01,,CANDIDATE,5,CONFIRMED,1.4894759e-07,3.1005195e-06,3.1303193e-06,8.1596204e-07,4.938859e-06,0.9999256,1.790077e-05,7.491499e-08,4.4293545e-05,5.0309525e-09
10482160,K01170.01,Kepler-1739 b,CONFIRMED,5,CONFIRMED,3.469417e-06,2.0358282e-06,5.3008876e-07,7.0256933e-06,2.5053102e-06,0.99992526,7.4836737e-07,2.4120612e-07,5.813974e-05,3.6230912e-09
10485069,K01171.01,,FALSE POSITIVE,5,CONFIRMED,8.0506844e-08,4.0248915e-06,2.3184943e-07,1.6766687e-07,6.923683e-06,0.99994767,1.2124609e-05,4.2747914e-07,2.8389291e-05,3.2259049e-09
3233043,K00966.01,,FALSE POSITIVE,5,CONFIRMED,1.1901737e-06,2.6440222e-07,7.2933443e-07,6.1146434e-06,5.933225e-07,0.99964774,8.409335e-06,5.1056173e-07,0.00033441288,2.9942986e-09
6579806,K00967.01,,FALSE POSITIVE,5,CONFIRMED,1.9322952e-06,1.08738305e-07,4.4222197e-06,3.442314e-06,6.016106e-06,0.9989506,9.26842e-06,1.6723259e-06,0.0010224645,5.3567346e-09
3560301,K00968.01,,FALSE POSITIVE,5,CONFIRMED,1.5172894e-07,4.877396e-06,7.678044e-08,2.944862e-07,3.795527e-07,0.9998996,3.3253957e-07,8.100526e-08,9.413498e-05,2.0145263e-09
4044005,K00969.01,,FALSE POSITIVE,5,CONFIRMED,3.6846648e-06,2.3009838e-07,1.8335642e-06,1.5011168e-06,5.8875053e-06,0.9999205,3.4645102e-06,2.8820727e-07,6.263044e-05,5.9863137e-10
11502218,K00970.01,,CANDIDATE,5,CONFIRMED,9.2948875e-07,5.645199e-07,4.1944196e-07,3.26808e-06,1.2541452e-06,0.9999778,1.3865624e-06,6.275632e-08,1.4319983e-05,1.4703687e-09
11180361,K00971.01,,CANDIDATE,5,CONFIRMED,1.144703e-07,1.3431835e-06,5.0975467e-07,8.20634e-07,1.3607221e-06,0.99974996,0.00019903305,2.1012688e-07,4.6603265e-05,2.3705138e-09
5802246,K01044.01,,FALSE POSITIVE,5,CONFIRMED,4.1968792e-07,1.1650152e-06,5.7602347e-07,3.5040882e-06,1.4837676e-05,0.99984884,4.170248e-05,1.9610907e-07,8.867771e-05,6.2041527e-09
6066403,K01045.01,,FALSE POSITIVE,5,CONFIRMED,7.982962e-07,2.3545988e-06,2.674781e-07,5.6439114e-07,2.8595148e-06,0.99997103,5.4971865e-06,1.6297243e-07,1.651579e-05,2.3635471e-09
6209637,K01046.01,,FALSE POSITIVE,5,CONFIRMED,2.085532e-06,7.146099e-06,4.435728e-07,7.525435e-07,1.108268e-05,0.9999511,4.689173e-06,2.7616428e-08,2.2591168e-05,5.4475167e-09
5988031,K01047.01,,FALSE POSITIVE,5,CONFIRMED,5.336604e-08,6.109089e-06,2.2833996e-07,7.9496635e-07,6.1621165e-07,0.99993384,3.034402e-06,5.7318964e-08,5.526858e-05,2.1777318e-09
7684873,K00014.01,,FALSE POSITIVE,5,CONFIRMED,2.266282e-07,3.2389454e-07,1.4229896e-07,4.9891505e-06,4.0186787e-06,0.99996984,1.5065182e-05,2.589153e-07,5.156559e-06,4.460938e-09
8559644,K00139.01,Kepler-111 c,CONFIRMED,5,CONFIRMED,2.1191816e-07,2.5474503e-07,9.904373e-07,8.3604345e-07,2.7380791e-05,0.99994445,1.2298474e-07,4.634166e-08,2.575373e-05,7.74482e-10
2851100,K01104.01,,FALSE POSITIVE,5,CONFIRMED,1.0979553e-06,1.3878556e-06,1.1953114e-06,3.4127686e-06,5.8357864e-07,0.9999211,1.1104962e-06,4.947421e-08,7.010937e-05,2.537786e-09
3130300,K01105.01,,FALSE POSITIVE,5,CONFIRMED,9.886448e-08,8.733947e-07,1.8551806e-07,8.4940774e-07,6.453233e-07,0.99997795,1.6276612e-06,1.1260151e-07,1.7702781e-05,1.4764139e-09
3240158,K01106.01,Kepler-769 b,CONFIRMED,5,CONFIRMED,3.3305375e-07,1.2032277e-06,1.2428444e-07,7.0511584e-07,4.6891373e-06,0.9999808,3.6621628e-07,1.2470628e-07,1.1656085e-05,1.7154931e-09
3240158,K01106.02,Kepler-769 c,CONFIRMED,5,CONFIRMED,3.185751e-08,8.2484746e-07,2.2516207e-07,1.3468501e-07,3.5877832e-07,0.9999912,2.6777752e-07,1.3876226e-07,6.80289e-06,3.4985592e-10
3228959,K01107.01,,FALSE POSITIVE,5,CONFIRMED,1.9963329e-07,1.1355741e-05,1.1593906e-06,2.9069056e-07,1.0128943e-05,0.99990165,1.5518779e-05,2.1205828e-07,5.9430924e-05,8.614166e-09
3218908,K01108.01,Kepler-770 b,CONFIRMED,5,CONFIRMED,2.2938217e-07,4.4502698e-07,1.09425685e-07,8.921807e-07,1.2660145e-06,0.99998736,2.2061887e-07,5.7485828e-08,9.386144e-06,3.0105096e-10
10341913,K01172.01,,FALSE POSITIVE,5,CONFIRMED,4.2942933e-08,1.1754925e-06,2.554836e-07,2.326179e-08,2.8161176e-07,0.9999852,1.6143381e-06,2.7026902e-08,1.1379446e-05,9.950871e-10
10480921,K01173.01,,FALSE POSITIVE,5,CONFIRMED,3.1310368e-08,8.824482e-07,2.1091883e-07,3.7553026e-08,1.9895677e-07,0.99998224,4.938482e-07,1.6565908e-08,1.5838063e-05,6.735336e-10
10287723,K01174.01,,CANDIDATE,5,CONFIRMED,2.3290109e-07,2.4313538e-06,3.7934893e-05,2.0827441e-07,1.8314522e-05,0.999931,5.6659474e-07,8.7045706e-08,9.199859e-06,4.119863e-09
10350571,K01175.01,Kepler-784 b,CONFIRMED,5,CONFIRMED,6.785945e-08,1.5035171e-06,9.6880086e-08,5.995019e-07,3.3833974e-06,0.9999789,6.1294216e-08,4.4948965e-08,1.5365124e-05,1.1959318e-09
10350571,K01175.02,Kepler-784 c,CONFIRMED,5,CONFIRMED,5.8315322e-08,1.6731203e-06,1.14774224e-07,1.3998154e-07,8.5552557e-07,0.999982,1.0499591e-07,2.1096454e-08,1.5005616e-05,3.3963907e-10
3749365,K01176.01,Kepler-785 b,CONFIRMED,5,CONFIRMED,2.7360832e-06,6.237115e-07,3.33744e-05,2.8581762e-06,1.3380866e-05,0.99897695,8.0731435e-05,1.1093989e-06,0.0008883038,5.2475655e-09
11013201,K00972.01,,CANDIDATE,5,CONFIRMED,5.1924127e-07,6.964655e-07,1.0624982e-07,3.1033238e-07,1.4565732e-06,0.99999,2.1361768e-07,9.324259e-08,6.64267e-06,2.893238e-10
11673674,K00133.01,,FALSE POSITIVE,5,CONFIRMED,1.5258081e-06,7.078215e-07,1.3716534e-06,7.8984743e-07,6.586008e-06,0.99988735,2.413365e-06,1.4825382e-06,9.779272e-05,2.358954e-09
11013201,K00972.02,,CANDIDATE,5,CONFIRMED,4.2384e-08,1.7304731e-06,1.668635e-07,8.307443e-08,7.984273e-07,0.9999684,9.353715e-08,6.767482e-08,2.8639e-05,1.5484494e-09
9414417,K00974.01,,CANDIDATE,5,CONFIRMED,3.1173663e-08,8.8100427e-07,1.2608645e-07,3.2357923e-07,4.377549e-06,0.9999877,9.216276e-08,3.6904723e-08,6.4401916e-06,9.28005e-10
3632418,K00975.01,Kepler-21 b,CONFIRMED,5,CONFIRMED,5.4593723e-08,2.5642726e-06,2.7957677e-07,5.9617705e-08,3.0158762e-07,0.9999597,3.2427667e-07,3.9627544e-08,3.668227e-05,1.5532929e-09
3441784,K00976.01,,FALSE POSITIVE,5,CONFIRMED,1.728381e-07,2.749724e-07,1.0751908e-06,1.5483174e-06,4.2136286e-05,0.99970144,1.8475454e-06,6.7874794e-08,0.0002514409,1.418795e-09
5820218,K01048.01,,FALSE POSITIVE,5,CONFIRMED,6.6975775e-07,2.5818545e-06,4.286989e-07,1.4171608e-06,2.7606613e-06,0.9999455,9.95227e-06,2.992578e-07,3.6332825e-05,2.7316864e-09
5876368,K01049.01,,FALSE POSITIVE,5,CONFIRMED,1.7004202e-06,1.6304584e-06,1.7043686e-06,3.1061586e-06,1.1979729e-06,0.99989355,8.824344e-06,5.054946e-08,8.824029e-05,4.8811652e-09
5809890,K01050.01,Kepler-755 b,CONFIRMED,5,CONFIRMED,8.595151e-07,1.3463087e-06,1.1018116e-06,1.0158267e-06,1.6607595e-06,0.9999243,2.6945993e-06,5.947896e-08,6.694416e-05,2.325557e-09
5809890,K01050.02,Kepler-755 c,CONFIRMED,5,CONFIRMED,2.8753007e-07,3.2111082e-06,9.2781414e-07,2.3364587e-06,4.2143015e-06,0.9999627,1.4032494e-06,2.529319e-07,2.4715451e-05,3.348177e-09
6131236,K01051.01,Kepler-1734 b,CONFIRMED,5,CONFIRMED,4.051831e-07,3.7589837e-06,2.3490377e-07,5.353474e-07,2.7679841e-06,0.99997294,2.6011483e-06,1.4133819e-07,1.6652231e-05,2.6385183e-09
9048161,K00146.01,,FALSE POSITIVE,5,CONFIRMED,6.462506e-08,1.8676197e-07,1.8010361e-07,8.05777e-07,3.7779755e-06,0.99996483,6.140742e-07,2.260375e-06,2.7266979e-05,1.1605805e-09
3218908,K01108.02,Kepler-770 c,CONFIRMED,5,CONFIRMED,2.3609102e-08,3.199304e-07,4.793266e-07,2.388445e-07,2.5315455e-07,0.9999701,1.1858007e-06,1.5314932e-08,2.7354296e-05,7.8508555e-10
3218908,K01108.03,Kepler-770 d,CONFIRMED,5,CONFIRMED,7.935607e-08,1.1663002e-06,3.4590178e-07,1.1264772e-06,7.1193267e-07,0.9999833,1.8333069e-06,6.154096e-08,1.1395258e-05,1.5617011e-09
3235672,K01109.01,,FALSE POSITIVE,5,CONFIRMED,7.233726e-07,3.5277046e-06,2.630715e-07,2.4799494e-06,1.6860244e-05,0.9999379,1.0245227e-06,1.6257614e-07,3.7012982e-05,3.6816112e-09
2837111,K01110.01,Kepler-771 b,CONFIRMED,5,CONFIRMED,5.641126e-08,3.3363524e-06,2.6850088e-07,9.910843e-07,1.1362691e-05,0.99996424,6.809077e-07,3.604962e-07,1.872273e-05,3.257212e-09
3120276,K01111.01,,FALSE POSITIVE,5,CONFIRMED,1.3110302e-06,2.5798306e-06,3.727897e-07,1.1256878e-06,3.9292127e-06,0.99996805,1.0711517e-06,2.2326965e-07,2.1281268e-05,3.458427e-09
2307199,K00151.01,,CANDIDATE,5,CONFIRMED,3.2370275e-07,4.0447603e-07,3.099159e-07,8.5385636e-07,4.0831955e-07,0.9999716,1.0943007e-06,1.4825436e-07,2.480945e-05,3.0322106e-10
3547091,K01177.01,,FALSE POSITIVE,5,CONFIRMED,7.1009663e-07,1.3238767e-07,1.1994635e-05,6.5885333e-06,7.940001e-06,0.9983542,7.4348965e-05,1.596939e-06,0.0015424663,6.3009487e-09
3869825,K01178.01,,FALSE POSITIVE,5,CONFIRMED,6.2892e-07,3.193336e-07,1.6957019e-06,1.3222674e-06,2.6467865e-06,0.99973756,4.6173946e-06,1.5750796e-07,0.00025102758,2.2869104e-09
3655332,K01179.01,,FALSE POSITIVE,5,CONFIRMED,5.856171e-07,1.8998718e-07,4.13903e-07,6.7352903e-07,1.1098756e-05,0.99970204,2.5388701e-06,4.4414097e-08,0.0002823598,4.971947e-10
4042026,K01180.01,,FALSE POSITIVE,5,CONFIRMED,1.6772169e-06,8.567374e-07,1.1821788e-05,1.0816907e-05,7.412274e-05,0.99948645,2.7680626e-06,8.844636e-07,0.0004106148,5.3796096e-09
3344419,K01181.01,,FALSE POSITIVE,5,CONFIRMED,2.3145347e-07,6.795643e-07,9.736013e-06,2.042006e-06,1.1557194e-05,0.9994516,0.0003230154,3.0532664e-07,0.00020087225,4.2449426e-09
11192141,K00977.01,,FALSE POSITIVE,5,CONFIRMED,4.7077354e-08,2.5793088e-06,2.0475892e-07,8.946053e-07,1.1593604e-06,0.99998045,1.0227134e-06,5.5221758e-08,1.35687105e-05,8.7523244e-10
11494130,K00978.01,,FALSE POSITIVE,5,CONFIRMED,2.8540939e-07,1.916025e-06,6.723844e-08,4.181093e-06,2.3580592e-06,0.9999633,3.1245716e-07,9.932156e-08,2.7510188e-05,4.6573057e-10
5648449,K00979.01,,FALSE POSITIVE,5,CONFIRMED,1.0906384e-06,1.1331769e-05,2.5382226e-06,7.908564e-06,2.7496208e-06,0.9998474,7.1123845e-06,4.327912e-07,0.00011935581,8.607146e-09
12167361,K00980.01,,FALSE POSITIVE,5,CONFIRMED,1.3515329e-07,3.2836095e-07,3.2756338e-07,2.2566098e-06,3.7729203e-06,0.9999553,1.6730022e-06,1.7935561e-07,3.6042835e-05,1.1131281e-09
8607720,K00981.01,,FALSE POSITIVE,5,CONFIRMED,1.0754447e-07,2.9309617e-06,1.8351176e-07,7.7893546e-08,2.0928958e-07,0.99996674,2.767984e-07,4.612154e-08,2.946945e-05,1.4641537e-09
1433962,K00982.01,,FALSE POSITIVE,5,CONFIRMED,5.276042e-07,3.3683575e-06,1.5246603e-07,5.0500483e-07,4.0451528e-06,0.99997175,1.0004709e-05,5.0421004e-08,9.567177e-06,1.8854207e-09
9032900,K00134.01,,CONFIRMED,5,CONFIRMED,3.7628593e-07,6.862646e-07,1.228787e-06,2.7755918e-06,7.0263006e-05,0.99988437,1.3253661e-07,1.1059336e-07,4.006311e-05,1.531589e-09
5956342,K01052.01,Kepler-265 c,CONFIRMED,5,CONFIRMED,7.5437754e-07,4.731316e-07,8.073673e-08,6.449592e-07,1.5005736e-06,0.9999896,4.9198513e-07,6.616075e-08,6.328958e-06,2.6217153e-10
5956342,K01052.02,Kepler-265 b,CONFIRMED,5,CONFIRMED,2.8379494e-08,2.4290248e-06,1.4172315e-07,5.332995e-07,6.3020216e-06,0.99998164,7.2660333e-07,2.898247e-07,7.918781e-06,1.7200192e-09
5956342,K01052.03,Kepler-265 e,CONFIRMED,5,CONFIRMED,2.3540153e-07,6.750748e-07,1.6699076e-07,1.0727707e-06,8.158973e-06,0.9999821,1.4004351e-07,3.0869835e-08,7.431203e-06,9.822948e-10
5956342,K01052.04,Kepler-265 d,CONFIRMED,5,CONFIRMED,1.2701342e-07,1.2560391e-06,1.2644045e-07,2.1051444e-07,1.9505503e-06,0.9999914,1.5381485e-07,2.7915918e-08,4.7596163e-06,7.8993745e-10
5956656,K01053.01,Kepler-756 b,CONFIRMED,5,CONFIRMED,4.251209e-08,5.411403e-07,5.2430113e-07,2.9584928e-07,1.5418285e-06,0.9999858,1.5832176e-06,3.5576868e-08,9.598392e-06,8.964902e-10
3109930,K01112.01,Kepler-1736 b,CONFIRMED,5,CONFIRMED,8.636801e-07,3.0672666e-06,3.916438e-07,9.548855e-06,1.1484795e-05,0.9999403,5.962539e-07,1.3500762e-07,3.3687866e-05,3.0118166e-09
2854914,K01113.01,Kepler-268 b,CONFIRMED,5,CONFIRMED,4.3580891e-07,5.339016e-07,1.2537598e-07,5.2192536e-07,7.396682e-06,0.99998367,3.8078977e-07,7.144464e-08,6.8973004e-06,8.166232e-10
2854914,K01113.02,Kepler-268 c,CONFIRMED,5,CONFIRMED,2.1474564e-07,5.25958e-07,1.1969254e-07,7.38852e-07,6.213045e-06,0.9999863,1.521606e-07,6.676993e-08,5.648346e-06,7.4416723e-10
3337425,K01114.01,,FALSE POSITIVE,5,CONFIRMED,3.4169224e-07,4.1872036e-07,7.192417e-08,1.2296223e-06,6.453592e-07,0.99998593,6.558955e-07,3.2847858e-08,1.0631965e-05,8.866004e-10
3116412,K01115.01,Kepler-772 b,CONFIRMED,5,CONFIRMED,7.034371e-08,1.0571696e-06,8.4103405e-08,2.706087e-07,3.4485636e-06,0.9999895,2.491134e-07,6.547781e-08,5.290478e-06,1.342238e-09
3865567,K01182.01,,FALSE POSITIVE,5,CONFIRMED,2.0517643e-06,1.0004422e-06,3.3072183e-06,3.0939732e-06,9.28729e-06,0.99978524,4.1728567e-06,2.550033e-06,0.0001893118,6.2035923e-09
3544689,K01183.01,,FALSE POSITIVE,5,CONFIRMED,4.7816985e-07,1.6049935e-06,1.824178e-06,3.258249e-07,2.3670325e-06,0.9998809,3.1337175e-05,5.411243e-07,8.0569334e-05,3.3348764e-09
4037164,K01184.01,,FALSE POSITIVE,5,CONFIRMED,8.0042025e-07,3.3296785e-06,3.9901595e-05,6.083503e-06,4.5780707e-05,0.99811435,0.0011652707,1.4443801e-06,0.0006230848,1.5673692e-08
3443790,K01185.01,,FALSE POSITIVE,5,CONFIRMED,9.728268e-08,9.135568e-08,8.102048e-07,1.4421192e-06,1.8675887e-06,0.99992204,2.8455514e-05,4.4673365e-07,4.469416e-05,1.0537329e-09
3966912,K01186.01,,FALSE POSITIVE,5,CONFIRMED,8.2878904e-07,2.2121349e-06,1.8229665e-06,1.24696135e-05,0.00024647362,0.9994733,5.6959124e-07,1.2832337e-06,0.0002611075,5.2878497e-09
8394721,K00152.01,Kepler-79 d,CONFIRMED,5,CONFIRMED,2.674521e-07,4.1825595e-07,1.7575359e-06,2.491213e-06,8.110238e-05,0.99987376,3.3976252e-07,8.699226e-08,3.9727493e-05,1.4407182e-09
11607193,K00983.01,,FALSE POSITIVE,5,CONFIRMED,7.55619e-08,6.097935e-07,4.3704357e-08,1.7444329e-06,3.5441033e-06,0.9999713,4.159529e-07,3.8488416e-08,2.225909e-05,9.477251e-10
1161345,K00984.01,Kepler-1973 b,CONFIRMED,5,CONFIRMED,3.8073088e-06,2.4276176e-06,1.0925634e-06,8.235929e-06,3.9790434e-06,0.99992,3.960757e-06,1.15121516e-07,5.6405734e-05,3.8596326e-09
10227501,K00985.01,,FALSE POSITIVE,5,CONFIRMED,7.2749486e-08,1.5353004e-06,7.917744e-07,8.6310996e-07,2.3599862e-06,0.9999628,1.6204069e-06,7.2145355e-08,2.9900084e-05,1.8180408e-09
2854698,K00986.01,Kepler-260 b,CONFIRMED,5,CONFIRMED,7.8520225e-07,9.5151563e-07,1.7398133e-07,1.3113196e-06,5.022877e-06,0.99997413,6.086988e-07,1.2563127e-07,1.6918922e-05,1.7841691e-09
2854698,K00986.02,Kepler-260 c,CONFIRMED,5,CONFIRMED,6.4582395e-07,5.692033e-07,4.7967666e-07,1.2335239e-06,1.1372379e-05,0.9999658,5.473881e-07,1.4163159e-07,1.9278637e-05,2.1050282e-09
8559644,K00139.02,Kepler-111 b,CONFIRMED,5,CONFIRMED,6.455908e-08,5.6957464e-07,2.70909e-07,3.694957e-07,6.954427e-08,0.9999809,2.6068585e-06,6.0371e-08,1.5024487e-05,1.0658345e-09
6032981,K01054.01,,FALSE POSITIVE,5,CONFIRMED,4.696133e-08,2.594312e-06,2.5080666e-07,5.962807e-08,2.1913915e-07,0.9999715,2.9333626e-07,7.2824534e-08,2.4982744e-05,1.3233065e-09
5866099,K01055.01,,FALSE POSITIVE,5,CONFIRMED,4.9923145e-08,7.13591e-07,2.6846703e-07,1.7227429e-06,1.6120839e-06,0.9999497,3.693644e-07,1.0277989e-07,4.5408426e-05,9.321509e-10
5964985,K01056.01,,FALSE POSITIVE,5,CONFIRMED,1.9571715e-08,3.3917436e-06,8.485948e-08,7.560811e-07,1.3103e-06,0.9999746,6.253054e-06,2.2213726e-08,1.3570016e-05,1.1559834e-09
6066416,K01057.01,,FALSE POSITIVE,5,CONFIRMED,2.3040455e-08,5.5739775e-07,2.2116969e-07,3.846624e-08,1.0392345e-07,0.9999709,6.3359806e-07,8.398142e-09,2.7518086e-05,6.4993755e-10
1996679,K00147.01,,FALSE POSITIVE,5,CONFIRMED,9.9464984e-08,3.4788013e-07,2.8465485e-07,5.860009e-07,1.38756295e-05,0.9999567,4.152869e-07,8.142892e-08,2.7521108e-05,7.7397755e-10
2849805,K01116.01,Kepler-773 b,CONFIRMED,5,CONFIRMED,1.2725015e-07,2.6578343e-06,1.2108164e-06,2.607158e-06,1.2000024e-06,0.99992025,3.2726014e-06,1.9727429e-07,6.848417e-05,4.34385e-09
3114811,K01117.01,Kepler-774 b,CONFIRMED,5,CONFIRMED,6.997007e-08,8.319439e-07,9.6657736e-08,2.1208612e-07,9.170036e-07,0.99998903,1.7815758e-07,3.5019067e-08,8.651654e-06,9.657269e-10
2853446,K01118.01,,CANDIDATE,5,CONFIRMED,4.5694602e-08,1.1021382e-06,1.8956275e-07,3.076903e-06,2.101069e-06,0.99997663,6.0946303e-07,9.68239e-08,1.611916e-05,1.7121224e-09
3003992,K01119.01,,FALSE POSITIVE,5,CONFIRMED,5.588516e-08,2.114214e-06,2.5555426e-07,3.3256322e-07,9.772191e-07,0.9999479,1.9042703e-07,4.65106e-08,4.8161895e-05,1.9138247e-09
3942446,K01193.01,,CANDIDATE,5,CONFIRMED,7.487721e-07,6.471572e-07,3.403688e-06,2.8454801e-06,1.0259816e-05,0.99982315,2.7493652e-06,3.3669045e-07,0.00015583429,3.2417362e-09
3554031,K01194.01,Kepler-415 c,CONFIRMED,5,CONFIRMED,2.5921665e-07,8.598074e-07,1.0355859e-06,5.1127854e-06,9.009364e-07,0.9999362,2.4785502e-06,5.732137e-07,5.2544845e-05,2.4318982e-09
3554031,K01194.02,,CANDIDATE,5,CONFIRMED,1.8351298e-07,1.8006422e-06,1.5962004e-07,1.0997494e-06,4.077065e-06,0.9999678,2.4709861e-06,6.217689e-08,2.2284268e-05,6.5538425e-10
3554031,K01194.03,Kepler-415 b,CONFIRMED,5,CONFIRMED,1.3095223e-06,1.3225348e-06,7.9665426e-07,5.1535176e-06,1.5906979e-06,0.999954,5.362864e-06,1.2246228e-07,3.0324021e-05,3.5673768e-09
8394721,K00152.02,Kepler-79 c,CONFIRMED,5,CONFIRMED,1.7088665e-07,6.052729e-07,1.6498801e-07,2.6149871e-06,1.000869e-05,0.99997187,3.4115666e-07,6.3541485e-08,1.41210185e-05,9.873037e-10
7295235,K00987.01,Kepler-743 b,CONFIRMED,5,CONFIRMED,2.1969791e-07,3.17944e-06,1.172324e-06,4.9968976e-06,1.2626704e-06,0.99995744,7.446779e-07,3.4105418e-07,3.062072e-05,3.464339e-09
2302548,K00988.01,Kepler-261 b,CONFIRMED,5,CONFIRMED,5.7204807e-07,9.473142e-07,2.734733e-07,7.5674384e-06,1.4915502e-06,0.99993956,1.901468e-06,8.227148e-08,4.7571215e-05,2.5659856e-09
2302548,K00988.02,Kepler-261 c,CONFIRMED,5,CONFIRMED,3.749163e-07,2.9860976e-06,3.3664057e-07,2.874039e-06,1.5655494e-05,0.9999229,6.84391e-07,2.8285191e-07,5.394554e-05,4.3011634e-09
10743597,K00989.01,,FALSE POSITIVE,5,CONFIRMED,3.14789e-07,3.2334194e-07,3.7654245e-06,1.9538807e-06,6.485268e-06,0.9997557,1.1832366e-06,9.556105e-07,0.00022929591,2.4401983e-09
10743597,K00989.02,,FALSE POSITIVE,5,CONFIRMED,3.098602e-07,1.3022035e-06,1.720155e-06,1.288092e-06,3.2347875e-06,0.99993503,1.0962543e-05,8.5235214e-08,4.6042715e-05,3.025002e-09
9818381,K00135.01,Kepler-43 b,CONFIRMED,5,CONFIRMED,3.4965257e-07,6.0368265e-08,5.3007075e-06,8.1369416e-07,3.8838894e-07,0.99986124,1.767098e-05,6.9744857e-07,0.00011347039,1.5323951e-09
6124941,K01058.01,,FALSE POSITIVE,5,CONFIRMED,6.302622e-07,2.6712394e-07,3.4410985e-07,1.3769259e-05,1.0007661e-06,0.9999058,3.8015602e-07,4.2418893e-07,7.7332996e-05,2.4830396e-09
6060203,K01059.01,Kepler-757 b,CONFIRMED,5,CONFIRMED,4.4613984e-08,6.690819e-07,7.0839167e-07,3.3578033e-07,4.040658e-07,0.9999372,2.2595289e-07,9.818466e-09,6.038964e-05,9.0864305e-10
5880320,K01060.01,Kepler-758 b,CONFIRMED,5,CONFIRMED,6.270109e-08,1.1761272e-06,8.8026255e-08,1.0841296e-06,2.7587153e-06,0.9999862,2.4377997e-07,5.1163425e-08,8.3938785e-06,3.1659682e-09
5880320,K01060.02,Kepler-758 c,CONFIRMED,5,CONFIRMED,3.201571e-07,2.4469618e-06,2.1881074e-07,8.276378e-08,3.010255e-07,0.9999566,8.479021e-07,4.116389e-08,3.9120598e-05,1.7117322e-09
5880320,K01060.03,Kepler-758 d,CONFIRMED,5,CONFIRMED,1.1954916e-07,2.7288052e-06,1.6625671e-07,1.0592554e-06,3.3310203e-05,0.99995303,4.635782e-07,5.708396e-08,9.006866e-06,5.258976e-10
3003992,K01119.02,,FALSE POSITIVE,5,CONFIRMED,1.1906903e-07,2.7489657e-06,6.38622e-07,3.565317e-07,9.961611e-07,0.9999248,2.0474245e-07,8.477937e-08,7.0084745e-05,9.104724e-10
6307537,K01120.01,,FALSE POSITIVE,5,CONFIRMED,2.3547425e-06,9.4903953e-07,2.4030733e-06,8.213178e-06,7.769643e-05,0.999318,2.1349604e-06,2.410164e-07,0.0005879577,4.9489537e-09
6359798,K01121.01,,FALSE POSITIVE,5,CONFIRMED,3.0366644e-07,9.62844e-08,3.5838877e-07,7.791154e-07,5.7029547e-06,0.9996612,4.4339913e-06,4.9705633e-08,0.00032709612,4.978889e-10
6311681,K01122.01,,FALSE POSITIVE,5,CONFIRMED,6.471446e-07,6.8363465e-06,4.858048e-06,8.2757157e-07,1.9213405e-05,0.99972826,9.810613e-05,1.3038564e-06,0.00013993728,7.824672e-09
6365321,K01123.01,,FALSE POSITIVE,5,CONFIRMED,1.0348163e-06,9.2399125e-07,2.9283226e-06,8.456477e-06,6.913841e-06,0.99939597,4.6859415e-05,6.483383e-07,0.000536217,4.8321813e-09
6301035,K01124.01,,FALSE POSITIVE,5,CONFIRMED,1.488328e-07,2.729592e-07,1.3892986e-07,8.077924e-07,7.961562e-06,0.9999652,7.13792e-07,6.6866625e-07,2.4149565e-05,3.1583867e-09
3859079,K01199.01,Kepler-786 b,CONFIRMED,5,CONFIRMED,1.4513198e-07,6.900218e-08,1.9064235e-07,1.1077198e-06,7.249852e-06,0.9999794,4.145587e-07,3.4071558e-08,1.1394583e-05,9.108244e-10
3557493,K01200.01,,FALSE POSITIVE,5,CONFIRMED,7.4225034e-07,7.160092e-07,3.4800817e-07,8.3741014e-07,2.2533034e-06,0.9999356,3.8250248e-05,5.7424554e-08,2.1130725e-05,2.9501486e-09
4061149,K01201.01,Kepler-1741 b,CONFIRMED,5,CONFIRMED,1.1765853e-06,1.4737968e-06,7.828702e-07,1.1661212e-05,1.1990812e-06,0.9999304,6.228985e-07,2.6213365e-07,5.2454365e-05,3.4422463e-09
3444588,K01202.01,Kepler-787 b,CONFIRMED,5,CONFIRMED,1.0534972e-06,1.4110693e-06,1.5113405e-06,2.8128215e-06,1.4360309e-06,0.9999027,2.1974215e-06,3.2431153e-08,8.681887e-05,2.6458924e-09
8394721,K00152.03,Kepler-79 b,CONFIRMED,5,CONFIRMED,3.291989e-07,3.9062292e-07,1.0407729e-07,5.0599556e-07,3.411556e-06,0.99998534,3.6775717e-07,1.0305779e-07,9.458064e-06,3.0201022e-10
3962243,K01203.01,Kepler-276 c,CONFIRMED,5,CONFIRMED,5.760894e-07,1.3699533e-06,3.9944297e-07,4.8830543e-06,2.7258877e-05,0.9999137,1.0990567e-06,1.4307733e-07,5.0626928e-05,2.6015932e-09
10743597,K00989.03,,CANDIDATE,5,CONFIRMED,9.327479e-07,1.1193358e-06,1.0422389e-06,9.470603e-06,2.9349518e-05,0.9998617,8.392923e-06,4.1581834e-06,8.383687e-05,1.2693907e-09
10015516,K00990.01,,FALSE POSITIVE,5,CONFIRMED,3.1000326e-07,4.6727743e-07,1.0599498e-06,1.6036099e-06,2.1220922e-05,0.9998159,4.04631e-07,6.437212e-08,0.0001590222,1.4247744e-09
10154388,K00991.01,Kepler-744 b,CONFIRMED,5,CONFIRMED,3.3893355e-07,2.4207443e-06,2.8649168e-07,2.2109214e-06,2.385686e-06,0.99997437,7.909896e-07,7.986891e-08,1.7097691e-05,6.872046e-09
1432789,K00992.01,Kepler-745 b,CONFIRMED,5,CONFIRMED,1.067272e-06,6.427687e-07,8.389119e-08,4.0087872e-07,2.5468928e-06,0.9999883,3.1599632e-07,1.03634676e-07,6.478419e-06,1.1120741e-09
1718189,K00993.01,Kepler-262 c,CONFIRMED,5,CONFIRMED,1.5494642e-06,4.040302e-06,3.197988e-07,8.0156025e-07,2.162388e-05,0.99995446,4.8544996e-07,1.3742877e-07,1.6587748e-05,7.9023227e-10
5880320,K01060.04,Kepler-758 e,CONFIRMED,5,CONFIRMED,3.6411663e-08,1.1654416e-06,1.2996215e-07,8.760833e-08,1.261095e-06,0.99996877,1.346897e-07,7.132988e-08,2.831521e-05,1.2361624e-09
5130369,K00140.01,,FALSE POSITIVE,5,CONFIRMED,3.8260615e-07,6.239893e-07,1.1399041e-07,4.1356393e-06,6.4052447e-06,0.9999682,4.6916077e-07,4.7636878e-08,1.9700943e-05,5.0077276e-10
6037187,K01061.01,Kepler-759 b,CONFIRMED,5,CONFIRMED,9.4693405e-07,2.0159034e-06,3.3205026e-07,6.833701e-07,2.3012146e-05,0.9999502,4.905948e-07,6.102184e-08,2.2315626e-05,2.1454443e-09
6147122,K01062.01,,FALSE POSITIVE,5,CONFIRMED,4.2144027e-08,6.7237033e-07,2.0312724e-07,1.9340345e-07,2.4797902e-07,0.9999782,1.6442657e-07,1.8405673e-08,2.022734e-05,3.496379e-10
8257407,K01063.01,,FALSE POSITIVE,5,CONFIRMED,3.2921233e-07,2.9288793e-07,5.021962e-07,5.091535e-07,1.4601551e-05,0.9999021,1.4234097e-06,6.1423044e-08,8.011927e-05,8.7125496e-10
8218274,K01064.01,,FALSE POSITIVE,5,CONFIRMED,2.5312798e-07,3.1874112e-07,1.4013525e-06,3.2897478e-07,1.7760091e-06,0.9995571,2.735137e-05,7.74914e-08,0.00041137286,1.6970562e-09
3964562,K00015.01,,FALSE POSITIVE,5,CONFIRMED,7.430176e-08,6.0469006e-07,1.4102457e-07,4.2409675e-07,6.6565093e-07,0.9999918,2.2277097e-06,1.1121024e-07,3.956111e-06,1.033485e-09
5735762,K00148.01,Kepler-48 b,CONFIRMED,5,CONFIRMED,3.471239e-06,2.941331e-06,6.5870313e-07,5.5985547e-06,1.3242847e-06,0.99994683,5.25332e-06,7.9732764e-08,3.383426e-05,3.5743255e-09
6292162,K01125.01,,FALSE POSITIVE,5,CONFIRMED,6.5962445e-07,4.0624334e-07,2.32561e-06,3.4825614e-06,3.7480988e-06,0.9998635,4.660213e-06,1.5724314e-06,0.00011963774,4.1506523e-09
6307521,K01126.01,,FALSE POSITIVE,5,CONFIRMED,2.8571446e-07,2.4239775e-06,9.78098e-08,3.4711577e-06,5.1327447e-06,0.9999567,1.6012919e-07,5.871082e-08,3.164342e-05,1.273904e-09
6359320,K01127.01,Kepler-269 b,CONFIRMED,5,CONFIRMED,2.1336748e-06,3.5461394e-06,4.044432e-07,2.238658e-06,2.5867375e-06,0.9999591,3.1325715e-06,2.1295004e-07,2.6621907e-05,3.9943022e-09
3848972,K01187.01,,FALSE POSITIVE,5,CONFIRMED,2.0126981e-06,8.5390997e-07,2.2862496e-06,2.0012552e-05,1.343353e-06,0.9994166,2.3192528e-05,5.433489e-07,0.0005331825,6.3313386e-09
3860441,K01188.01,,FALSE POSITIVE,5,CONFIRMED,4.814255e-07,1.928652e-06,4.16936e-07,1.7695234e-06,3.847005e-06,0.9999411,9.607341e-06,2.4441383e-07,4.0624505e-05,3.5730916e-09
3765771,K01189.01,,FALSE POSITIVE,5,CONFIRMED,1.7475692e-07,2.8332647e-07,1.7919895e-07,2.645578e-06,6.1556864e-07,0.999977,3.39871e-06,6.352085e-08,1.5702757e-05,1.2344196e-09
3557341,K01190.01,,FALSE POSITIVE,5,CONFIRMED,1.0507187e-06,2.8678644e-06,8.510473e-07,9.593581e-07,7.080454e-06,0.9998349,9.148264e-05,4.3483618e-07,6.0304854e-05,7.975726e-09
3859628,K01191.01,Kepler-1740 b,CONFIRMED,5,CONFIRMED,2.8132501e-07,1.4377649e-06,1.9170508e-07,1.6810825e-06,1.2805729e-05,0.99994123,9.126038e-07,1.7936489e-07,4.1236246e-05,3.1474023e-09
3644071,K01192.01,,CANDIDATE,5,CONFIRMED,1.6515364e-07,1.6099182e-06,7.89493e-06,3.269668e-07,0.000107643806,0.9998785,7.609768e-08,1.2296772e-07,3.6486379e-06,1.9738366e-09
1718189,K00993.02,Kepler-262 b,CONFIRMED,5,CONFIRMED,4.7758736e-08,4.1479307e-06,3.8467763e-07,3.319742e-07,1.7509926e-06,0.9999881,3.1491052e-07,1.03668256e-07,4.8044208e-06,5.162769e-08
1431122,K00994.01,,CANDIDATE,5,CONFIRMED,2.8721524e-07,3.0318984e-06,9.1629255e-07,7.061365e-06,1.2484525e-06,0.9999343,8.997391e-06,1.6292728e-07,4.3997003e-05,4.0552925e-09
3858949,K00995.01,,FALSE POSITIVE,5,CONFIRMED,4.7538106e-07,2.7735966e-06,3.1351206e-07,2.4193228e-05,1.6691887e-05,0.99990046,6.1306395e-07,3.8206102e-07,5.413233e-05,3.4030079e-09
3858824,K00996.01,,FALSE POSITIVE,5,CONFIRMED,4.6138197e-07,2.2426973e-06,1.7913931e-06,2.6215124e-05,7.4861986e-05,0.99977905,9.835666e-07,1.2589105e-06,0.00011309915,4.7098467e-09
2157247,K00997.01,,FALSE POSITIVE,5,CONFIRMED,1.7780951e-06,1.3902945e-06,2.515619e-06,8.107842e-06,1.6118236e-05,0.99952745,3.0541635e-06,5.301066e-06,0.00043427426,1.05135065e-08
7601633,K00136.01,,FALSE POSITIVE,5,CONFIRMED,1.2563906e-06,7.950142e-08,1.2763901e-06,4.3625055e-06,1.7399412e-06,0.9998983,4.194524e-06,3.6665537e-07,8.838608e-05,6.511647e-10
8242681,K01065.01,,FALSE POSITIVE,5,CONFIRMED,1.0873287e-06,2.1185882e-07,3.0582082e-06,1.0414451e-06,2.3242203e-06,0.9996978,8.582561e-06,2.7499132e-07,0.00028567688,2.6469902e-09
8260218,K01066.01,,CANDIDATE,5,CONFIRMED,7.844022e-07,4.4398553e-07,6.9763087e-06,8.1200454e-07,7.6238116e-06,0.9994165,1.3306159e-05,1.871457e-06,0.0005517472,5.920148e-09
8246781,K01067.01,,FALSE POSITIVE,5,CONFIRMED,4.4093605e-07,2.3603766e-07,6.4910574e-07,7.8979485e-07,2.25522e-06,0.9996749,5.9793064e-07,1.9269086e-08,0.00032016024,1.012423e-09
8264070,K01068.01,,FALSE POSITIVE,5,CONFIRMED,1.4538324e-07,6.333066e-07,2.0894497e-07,1.9191448e-07,1.2891141e-07,0.9999896,1.0530704e-06,3.8813127e-08,8.021685e-06,1.0857883e-09
8222813,K01069.01,Kepler-760 b,CONFIRMED,5,CONFIRMED,2.0341572e-07,4.1873392e-07,1.3726569e-07,2.624488e-06,1.227614e-06,0.99997926,7.0088026e-07,1.1927578e-07,1.5298485e-05,1.63811e-09
6359320,K01127.02,Kepler-269 c,CONFIRMED,5,CONFIRMED,5.58473e-08,4.5666475e-06,3.5365989e-07,1.1807712e-06,6.526926e-06,0.9999702,7.413987e-07,3.6775614e-07,1.5946296e-05,3.4361514e-09
6359320,K01127.03,,CANDIDATE,5,CONFIRMED,1.8484549e-07,1.794485e-06,7.4176353e-07,3.6865256e-07,2.713179e-07,0.99994993,4.399414e-06,7.8348336e-08,4.219949e-05,2.473468e-09
6362874,K01128.01,Kepler-775 b,CONFIRMED,5,CONFIRMED,1.0896307e-07,1.7436103e-06,1.9329368e-06,1.0335219e-06,2.6308578e-06,0.99995637,5.9810845e-06,5.1846204e-08,3.0113944e-05,2.4609899e-09
6272413,K01129.01,Kepler-776 b,CONFIRMED,5,CONFIRMED,2.1652237e-07,1.3029602e-05,1.039577e-06,3.5204341e-06,7.15987e-06,0.99995184,3.727924e-06,1.9330321e-07,1.9247598e-05,4.0754546e-09
8279765,K01130.01,,FALSE POSITIVE,5,CONFIRMED,9.411644e-07,1.5662141e-07,6.741203e-06,3.1093768e-06,3.3064282e-06,0.9980642,6.2512314e-05,4.5708387e-07,0.0018585682,5.240502e-09
8330548,K01132.01,,FALSE POSITIVE,5,CONFIRMED,3.055981e-07,2.2054648e-07,3.6701142e-06,1.8421918e-07,8.409701e-07,0.9998499,1.0042375e-05,8.4406105e-07,0.00013390677,1.6122895e-09
3348082,K01196.01,,FALSE POSITIVE,5,CONFIRMED,9.094907e-07,5.2232787e-07,3.536314e-07,1.6046661e-06,5.871788e-07,0.99998116,2.4516517e-06,3.013349e-08,1.2325217e-05,1.6047876e-09
3853673,K01197.01,,FALSE POSITIVE,5,CONFIRMED,7.356822e-07,2.1292726e-06,4.1633352e-06,5.7272505e-06,1.3922364e-05,0.999824,2.659225e-05,6.558809e-08,0.00012265716,7.87423e-09
3447722,K01198.01,Kepler-275 c,CONFIRMED,5,CONFIRMED,7.6981894e-07,5.8580656e-07,7.6639694e-08,1.0136677e-06,2.4784758e-06,0.99998736,4.4522142e-07,6.355811e-08,7.237717e-06,2.8534153e-10
3447722,K01198.02,Kepler-275 b,CONFIRMED,5,CONFIRMED,8.6373944e-08,9.817351e-07,1.280692e-07,4.7035306e-07,2.2975605e-06,0.99998856,2.2436153e-07,1.296242e-07,7.0804617e-06,1.3911448e-09
3447722,K01198.03,Kepler-275 d,CONFIRMED,5,CONFIRMED,2.9947645e-07,9.625858e-07,2.066702e-07,1.50361e-06,1.2272687e-05,0.999974,1.8963223e-07,3.8065668e-08,1.051487e-05,1.1660941e-09
3447722,K01198.04,,CANDIDATE,5,CONFIRMED,1.2095054e-06,1.1911014e-06,1.0426261e-06,5.939002e-06,1.6534046e-06,0.9998784,1.2357709e-06,4.9928822e-08,0.000109232424,2.9295137e-09
1432214,K00998.01,,FALSE POSITIVE,5,CONFIRMED,2.74209e-07,1.7106915e-07,5.7200884e-07,2.5959085e-07,1.6908074e-06,0.99989295,5.9811475e-07,2.2004953e-08,0.00010346182,7.258605e-10
2165002,K00999.01,Kepler-263 b,CONFIRMED,5,CONFIRMED,2.6776766e-07,1.7371204e-06,7.996506e-07,1.6252295e-06,9.2891224e-07,0.9999658,7.1557815e-07,3.696371e-07,2.7761424e-05,7.449316e-10
2165002,K00999.02,Kepler-263 c,CONFIRMED,5,CONFIRMED,5.135363e-07,5.331461e-07,3.7787262e-07,3.7013215e-06,2.5655522e-06,0.9999666,1.3245243e-06,6.125046e-08,2.4344556e-05,2.0949962e-09
2441728,K01000.01,,FALSE POSITIVE,5,CONFIRMED,1.4912555e-07,3.7084974e-06,2.0561936e-06,4.976881e-07,1.5204773e-06,0.99974257,4.245802e-07,2.7868758e-08,0.00024906843,2.6044942e-09
1871056,K01001.01,Kepler-264 b,CONFIRMED,5,CONFIRMED,1.8276332e-07,1.4304227e-06,1.394286e-07,9.822576e-07,4.3277696e-06,0.9999751,7.091035e-08,2.9954005e-08,1.7800343e-05,1.2832041e-09
8222813,K01069.02,Kepler-760 c,CONFIRMED,5,CONFIRMED,7.660154e-07,2.6498737e-06,1.0504945e-06,2.138044e-06,2.165608e-06,0.99996483,2.4634942e-06,9.082688e-08,2.3881343e-05,3.4349403e-09
12105051,K00141.01,,CANDIDATE,5,CONFIRMED,8.059964e-06,5.07132e-07,1.0705073e-05,6.4135224e-06,1.978414e-06,0.9998578,4.0175737e-06,4.1588902e-07,0.00011014599,3.7478287e-09
8240904,K01070.01,Kepler-266 b,CONFIRMED,5,CONFIRMED,4.170637e-07,8.8847077e-07,1.1954477e-07,6.0696414e-07,4.040029e-06,0.99997747,5.983969e-07,1.2953168e-07,1.5745307e-05,1.6118126e-09
8240904,K01070.02,Kepler-266 c,CONFIRMED,5,CONFIRMED,7.6874144e-08,4.813316e-07,2.875215e-07,9.557243e-07,7.079048e-06,0.99998057,1.981152e-07,3.0803207e-08,1.0261109e-05,7.25257e-10
8240904,K01070.03,,CANDIDATE,5,CONFIRMED,3.713404e-07,2.3120135e-07,1.2196882e-07,3.0079292e-07,3.4229993e-06,0.99999046,1.14296554e-07,1.946685e-08,5.0082363e-06,6.5172795e-10
8374494,K01133.01,,FALSE POSITIVE,5,CONFIRMED,1.5431979e-06,5.2845553e-07,4.5615557e-06,2.5102665e-06,1.2221405e-05,0.9989077,1.5614609e-05,3.0738925e-06,0.0010522124,7.566687e-09
5735762,K00148.02,Kepler-48 c,CONFIRMED,5,CONFIRMED,2.0460803e-07,9.234478e-07,1.5989143e-07,1.7304279e-06,4.317944e-06,0.9999738,5.6407526e-07,2.002789e-07,1.811614e-05,2.7564835e-09
8414907,K01134.01,,FALSE POSITIVE,5,CONFIRMED,3.56276e-07,3.7864595e-07,6.3121324e-06,6.2958943e-06,1.826598e-05,0.9998272,8.792564e-07,2.931647e-07,0.00014007972,2.458481e-09
8414907,K01134.02,,FALSE POSITIVE,5,CONFIRMED,7.2414446e-07,2.0182322e-06,4.0950624e-07,1.0074154e-06,1.5968599e-05,0.9999583,4.775201e-07,5.3473006e-08,2.1023283e-05,2.4316367e-09
8397446,K01135.01,,FALSE POSITIVE,5,CONFIRMED,9.6909716e-08,4.391747e-06,3.0205615e-07,2.0861393e-07,6.722417e-07,0.99996614,9.90849e-07,8.932902e-08,2.714124e-05,1.3122678e-09
8386035,K01136.01,,FALSE POSITIVE,5,CONFIRMED,9.695198e-07,3.14949e-06,1.6415002e-07,6.9885385e-07,6.9086846e-06,0.9999753,3.6556194e-06,2.4033127e-08,9.058865e-06,1.9618138e-09
3962243,K01203.02,Kepler-276 b,CONFIRMED,5,CONFIRMED,4.309017e-07,1.9388663e-06,3.1025587e-07,1.7745997e-06,7.4622926e-06,0.9999447,1.6473913e-06,1.92754e-07,4.153516e-05,8.5205387e-10
3962243,K01203.03,Kepler-276 d,CONFIRMED,5,CONFIRMED,3.7650148e-07,1.6699339e-06,3.3487214e-07,1.4788644e-06,2.1023341e-05,0.9999411,7.941257e-07,8.851625e-08,3.317181e-05,2.171464e-09
