source,origin,identifier,period_days,duration_hours,depth_ppm,snr,teff_k,logg_cgs,star_rad_rsun,star_mass_msun,period,duration,depth,Est_Radius_Re,Est_SemiMajorAxis_AU,Est_a_over_Rstar,Period_vs_Earth,Pred_Class_Index,Pred_Label,Prob_class_0,Prob_class_1,Prob_class_2
tess2025232030459-s0096-0000000002760710-0293-s_lc,download,tess2025232030459-s0096-0000000002760710-0293-s_lc,1.322833033702599,10.0,7908.840856777476,0.14455250390569133,,,,,1.322833033702599,10.0,7908.840856777476,,0.02358358756985116,,0.003621719462567006,0,CANDIDATE,0.33333334,0.33333334,0.33333334
tess2025232030459-s0096-0000000005632856-0293-s_lc,download,tess2025232030459-s0096-0000000005632856-0293-s_lc,5.229966923445184,10.0,771.0437336325688,0.0002684205602870843,,,,,5.229966923445184,10.0,771.0437336325688,,0.0589665626009589,,0.014318869058029253,0,CANDIDATE,0.33333334,0.33333334,0.33333334
tess2025232030459-s0096-0000000005656273-0293-s_lc,download,tess2025232030459-s0096-0000000005656273-0293-s_lc,1.293392389044563,4.9,16872.09581733154,0.34473248451302124,,,,,1.293392389044563,4.9,16872.09581733154,,0.023232362970865506,,0.003541115370416326,0,CANDIDATE,0.33333334,0.33333334,0.33333334
tess2025232030459-s0096-0000000002835867-0293-s_lc,download,tess2025232030459-s0096-0000000002835867-0293-s_lc,7.992473242473242,10.0,5121.508232244848,0.011750971264682383,,,,,7.992473242473242,10.0,5121.508232244848,,0.07823371932064938,,0.021882199158037623,0,CANDIDATE,0.33333334,0.33333334,0.33333334
tess2025232030459-s0096-0000000002761023-0293-s_lc,download,tess2025232030459-s0096-0000000002761023-0293-s_lc,5.86004851004851,10.0,2541.8020791273098,0.0038764546856735493,,,,,5.86004851004851,10.0,2541.8020791273098,,0.06361223544421608,,0.016043938425868612,0,CANDIDATE,0.33333334,0.33333334,0.33333334
tess2025232030459-s0096-0000000002758565-0293-s_lc,download,tess2025232030459-s0096-0000000002758565-0293-s_lc,3.6223708658491267,10.0,16252.11285547818,0.23771805504047921,,,,,3.6223708658491267,10.0,16252.11285547818,,0.04616028254072275,,0.009917510926349423,0,CANDIDATE,0.33333334,0.33333334,0.33333334
tess2025232030459-s0096-0000000005633483-0293-s_lc,download,tess2025232030459-s0096-0000000005633483-0293-s_lc,12.033959712220582,1.9475,3160.568554740714,0.00029468121088186626,,,,,12.033959712220582,1.9475,3160.568554740714,,0.10277296491273748,,0.03294718607041912,0,CANDIDATE,0.33333334,0.33333334,0.33333334
tess2025232030459-s0096-0000000002760219-0293-s_lc,download,tess2025232030459-s0096-0000000002760219-0293-s_lc,11.05312101399058,2.3,5813.1225376753055,0.0011658375805119862,,,,,11.05312101399058,2.3,5813.1225376753055,,0.09710981650900255,,0.030261796068420478,0,CANDIDATE,0.33333334,0.33333334,0.33333334
tess2025232030459-s0096-0000000005634788-0293-s_lc,download,tess2025232030459-s0096-0000000005634788-0293-s_lc,7.878359965316488,10.077499999999997,1957.15963740803,0.0017371198892966561,,,,,7.878359965316488,10.077499999999997,1957.15963740803,,0.07748727654083586,,0.02156977403235178,0,CANDIDATE,0.33333334,0.33333334,0.33333334
tess2025232030459-s0096-0000000002761897-0293-s_lc,download,tess2025232030459-s0096-0000000002761897-0293-s_lc,13.421221890787109,10.0,331.29263601690263,1.789003414068155e-05,,,,,13.421221890787109,10.0,331.29263601690263,,0.11052687419986977,,0.03674530291796608,0,CANDIDATE,0.33333334,0.33333334,0.33333334
tess2025232030459-s0096-0000000002762652-0293-s_lc,download,tess2025232030459-s0096-0000000002762652-0293-s_lc,5.212492927710319,10.0,605.2726985097331,0.00017548406394984081,,,,,5.212492927710319,10.0,605.2726985097331,,0.05883514607957793,,0.014271027865052209,0,CANDIDATE,0.33333334,0.33333334,0.33333334
tess2025232030459-s0096-0000000002733520-0293-s_lc,download,tess2025232030459-s0096-0000000002733520-0293-s_lc,19.04217762913415,2.695,669.4350416976519,3.629960527927169e-05,,,,,19.04217762913415,2.695,669.4350416976519,,0.13955677503509062,,0.052134641010634225,0,CANDIDATE,0.33333334,0.33333334,0.33333334
tess2025232030459-s0096-0000000005633132-0293-s_lc,download,tess2025232030459-s0096-0000000005633132-0293-s_lc,3.8162207357859534,10.0,1331.8556877610577,0.0013250581610470453,,,,,3.8162207357859534,10.0,1331.8556877610577,,0.04779276698340145,,0.01044824294534142,0,CANDIDATE,0.33333334,0.33333334,0.33333334
tess2025232030459-s0096-0000000002760232-0293-s_lc,download,tess2025232030459-s0096-0000000002760232-0293-s_lc,1.1827285479459393,4.1325,2364.0212111094565,0.0059574436414894,,,,,1.1827285479459393,4.1325,2364.0212111094565,,0.02188752071071665,,0.0032381342859573972,0,CANDIDATE,0.33333334,0.33333334,0.33333334
tess2025232030459-s0096-0000000002733208-0293-s_lc,download,tess2025232030459-s0096-0000000002733208-0293-s_lc,5.984900284900284,10.0,235.4609148779905,2.47270617260904e-05,,,,,5.984900284900284,10.0,235.4609148779905,,0.06451258776569883,,0.01638576395592138,0,CANDIDATE,0.33333334,0.33333334,0.33333334
tess2025232030459-s0096-0000000002761472-0293-s_lc,download,tess2025232030459-s0096-0000000002761472-0293-s_lc,0.9571343919170008,10.0,20626.311252612973,1.3471706928646356,,,,,0.9571343919170008,10.0,20626.311252612973,,0.019007359898747783,,0.0026204911483011656,0,CANDIDATE,0.33333334,0.33333334,0.33333334
tess2025232030459-s0096-0000000005716512-0293-s_lc,download,tess2025232030459-s0096-0000000005716512-0293-s_lc,8.682582582582583,3.8499999999999996,133.09594764228015,3.0734711768712064e-06,,,,,8.682582582582583,3.8499999999999996,133.09594764228015,,0.08267466910854945,,0.0237716155580632,0,CANDIDATE,0.33333334,0.33333334,0.33333334
tess2025232030459-s0096-0000000005641821-0293-s_lc,download,tess2025232030459-s0096-0000000005641821-0293-s_lc,9.344930214495433,7.199999999999999,371.93012319458217,2.9879715572540007e-05,,,,,9.344930214495433,7.199999999999999,371.93012319458217,,0.08682748572495318,,0.025585024543450876,0,CANDIDATE,0.33333334,0.33333334,0.33333334
tess2025232030459-s0096-0000000005611236-0293-s_lc,download,tess2025232030459-s0096-0000000005611236-0293-s_lc,10.321034244947288,10.0,1137.453892123695,0.0005822106105183039,,,,,10.321034244947288,10.0,1137.453892123695,,0.09277308452453395,,0.028257451731546306,0,CANDIDATE,0.33333334,0.33333334,0.33333334
tess2025232030459-s0096-0000000005642268-0293-s_lc,download,tess2025232030459-s0096-0000000005642268-0293-s_lc,1.7573399486442967,10.0,318.82687170452596,0.0001825644311211261,,,,,1.7573399486442967,10.0,318.82687170452596,,0.028499924187413338,,0.004811334561654474,0,CANDIDATE,0.33333334,0.33333334,0.33333334
tess2025232030459-s0096-0000000002836713-0293-s_lc,download,tess2025232030459-s0096-0000000002836713-0293-s_lc,5.8959857851162205,10.075000000000001,163.39777520910314,1.350960946930201e-05,,,,,5.8959857851162205,10.075000000000001,163.39777520910314,,0.0638720421877322,,0.016142329322700124,0,CANDIDATE,0.33333334,0.33333334,0.33333334
tess2025232030459-s0096-0000000005639530-0293-s_lc,download,tess2025232030459-s0096-0000000005639530-0293-s_lc,7.792828447176274,10.0,322.9356399582448,4.6929342399858504e-05,,,,,7.792828447176274,10.0,322.9356399582448,,0.0769254290858572,,0.02133560149808699,0,CANDIDATE,0.33333334,0.33333334,0.33333334
tess2025232030459-s0096-0000000005640278-0293-s_lc,download,tess2025232030459-s0096-0000000005640278-0293-s_lc,18.991143317230275,1.04,59474.13017777868,0.05482616848625216,,,,,18.991143317230275,1.04,59474.13017777868,,0.13930731585238354,,0.051994916679617455,0,CANDIDATE,0.33333334,0.33333334,0.33333334
tess2025232030459-s0096-0000000002760102-0293-s_lc,download,tess2025232030459-s0096-0000000002760102-0293-s_lc,3.1456151803977894,10.0,18576.07258316163,0.36180639053671126,,,,,3.1456151803977894,10.0,18576.07258316163,,0.04201556856892297,,0.008612224997666774,0,CANDIDATE,0.33333334,0.33333334,0.33333334
tess2025232030459-s0096-0000000005716636-0293-s_lc,download,tess2025232030459-s0096-0000000005716636-0293-s_lc,6.998836461879941,10.0,224.63379126599503,1.5138102053560384e-05,,,,,6.998836461879941,10.0,224.63379126599503,,0.07160726406436684,,0.01916176991616685,0,CANDIDATE,0.33333334,0.33333334,0.33333334
tess2025232030459-s0096-0000000005717323-0293-s_lc,download,tess2025232030459-s0096-0000000005717323-0293-s_lc,5.9433555629207815,10.0,1298.8928793371197,0.001012273627195604,,,,,5.9433555629207815,10.0,1298.8928793371197,,0.0642136946893055,,0.016272020706148613,0,CANDIDATE,0.33333334,0.33333334,0.33333334
tess2025232030459-s0096-0000000005719106-0293-s_lc,download,tess2025232030459-s0096-0000000005719106-0293-s_lc,6.1799868430303215,8.137500000000001,212.13107788581138,1.64698514790286e-05,,,,,6.1799868430303215,8.137500000000001,212.13107788581138,,0.06590700106450821,,0.016919881842656595,0,CANDIDATE,0.33333334,0.33333334,0.33333334
tess2025232030459-s0096-0000000005719355-0293-s_lc,download,tess2025232030459-s0096-0000000005719355-0293-s_lc,9.14296939079548,3.895,529.8908551550775,4.9137255715971375e-05,,,,,9.14296939079548,3.895,529.8908551550775,,0.08557193661618118,,0.025032085943314113,0,CANDIDATE,0.33333334,0.33333334,0.33333334
tess2025232030459-s0096-0000000005726142-0293-s_lc,download,tess2025232030459-s0096-0000000005726142-0293-s_lc,3.8483858440380185,10.0,1259.8585644541736,0.0013737593379018933,,,,,3.8483858440380185,10.0,1259.8585644541736,,0.04806093946927935,,0.010536306212287525,0,CANDIDATE,0.33333334,0.33333334,0.33333334
tess2025232030459-s0096-0000000005726510-0293-s_lc,download,tess2025232030459-s0096-0000000005726510-0293-s_lc,5.956980056980057,10.0,1502.9179979484834,0.0013552575051344869,,,,,5.956980056980057,10.0,1502.9179979484834,,0.06431179249189665,,0.016309322537933078,0,CANDIDATE,0.33333334,0.33333334,0.33333334
tess2025232030459-s0096-0000000005738528-0293-s_lc,download,tess2025232030459-s0096-0000000005738528-0293-s_lc,10.57310454266976,10.075000000000001,491.0566695302003,0.00010923490366861183,,,,,10.57310454266976,10.075000000000001,491.0566695302003,,0.09427753116242266,,0.0289475825945784,0,CANDIDATE,0.33333334,0.33333334,0.33333334
tess2025232030459-s0096-0000000005739618-0293-s_lc,download,tess2025232030459-s0096-0000000005739618-0293-s_lc,1.1145007884138318,10.0,194.2404134362857,0.00010179375449570404,,,,,1.1145007884138318,10.0,194.2404134362857,,0.021037466477827664,,0.0030513368608181568,0,CANDIDATE,0.33333334,0.33333334,0.33333334
tess2025232030459-s0096-0000000005775131-0293-s_lc,download,tess2025232030459-s0096-0000000005775131-0293-s_lc,9.730849578675667,10.075000000000001,278.45596488664575,2.2485940070476337e-05,,,,,9.730849578675667,10.075000000000001,278.45596488664575,,0.08920181471708562,,0.02664161417844125,0,CANDIDATE,0.33333334,0.33333334,0.33333334
tess2025232030459-s0096-0000000005777935-0293-s_lc,download,tess2025232030459-s0096-0000000005777935-0293-s_lc,17.993979933110367,6.375,543.9785295817433,3.299425943201958e-05,,,,,17.993979933110367,6.375,543.9785295817433,,0.134387230770211,,0.04926483212350546,0,CANDIDATE,0.33333334,0.33333334,0.33333334
tess2025232030459-s0096-0000000005778313-0293-s_lc,download,tess2025232030459-s0096-0000000005778313-0293-s_lc,1.9837477946173598,10.0,343.87478040732003,0.000188490284172691,,,,,1.9837477946173598,10.0,343.87478040732003,,0.030898032208944683,,0.005431205460964709,0,CANDIDATE,0.33333334,0.33333334,0.33333334
tess2025232030459-s0096-0000000005796235-0293-s_lc,download,tess2025232030459-s0096-0000000005796235-0293-s_lc,1.6422609900870773,10.0,317.169694000388,0.00018952402226869272,,,,,1.6422609900870773,10.0,317.169694000388,,0.027241726903299353,,0.004496265544386249,0,CANDIDATE,0.33333334,0.33333334,0.33333334
tess2025232030459-s0096-0000000005796523-0293-s_lc,download,tess2025232030459-s0096-0000000005796523-0293-s_lc,11.13435324957064,0.7,40931.23839429182,0.03518269180629732,,,,,11.13435324957064,0.7,40931.23839429182,,0.09758502567001058,,0.030484197808543848,0,CANDIDATE,0.33333334,0.33333334,0.33333334
tess2025232030459-s0096-0000000005796540-0293-s_lc,download,tess2025232030459-s0096-0000000005796540-0293-s_lc,0.9131079239774893,2.255,24615.730240759338,0.46323667700601995,,,,,0.9131079239774893,2.255,24615.730240759338,,0.018419927846655283,,0.002499953248398328,0,CANDIDATE,0.33333334,0.33333334,0.33333334
tess2025232030459-s0096-0000000005796745-0293-s_lc,download,tess2025232030459-s0096-0000000005796745-0293-s_lc,5.735079393775047,10.0,1558.4547455198888,0.0014572687163000768,,,,,5.735079393775047,10.0,1558.4547455198888,,0.06270461031643222,,0.01570179163251211,0,CANDIDATE,0.33333334,0.33333334,0.33333334
tess2025232030459-s0096-0000000007143811-0293-s_lc,download,tess2025232030459-s0096-0000000007143811-0293-s_lc,16.458807469677033,10.0,1310.1764314542495,0.0005149686844614574,,,,,16.458807469677033,10.0,1310.1764314542495,,0.12663062788130225,,0.04506175898611098,0,CANDIDATE,0.33333334,0.33333334,0.33333334
tess2025232030459-s0096-0000000007144533-0293-s_lc,download,tess2025232030459-s0096-0000000007144533-0293-s_lc,8.48511253728645,10.0,162.73069594657426,1.1863613172658866e-05,,,,,8.48511253728645,10.0,162.73069594657426,,0.08141634241971993,,0.02323097203911417,0,CANDIDATE,0.33333334,0.33333334,0.33333334
tess2025232030459-s0096-0000000007146534-0293-s_lc,download,tess2025232030459-s0096-0000000007146534-0293-s_lc,3.7958471849776196,8.799999999999999,756.4700155418298,0.00042804066954156436,,,,,3.7958471849776196,8.799999999999999,756.4700155418298,,0.04762251533376375,,0.010392463203224147,0,CANDIDATE,0.33333334,0.33333334,0.33333334
tess2025232030459-s0096-0000000007148510-0293-s_lc,download,tess2025232030459-s0096-0000000007148510-0293-s_lc,18.607822873040266,10.0,958.4029330991355,0.00027556085465190773,,,,,18.607822873040266,10.0,958.4029330991355,,0.1374264176920984,,0.05094544249976801,0,CANDIDATE,0.33333334,0.33333334,0.33333334
tess2025232030459-s0096-0000000007150142-0293-s_lc,download,tess2025232030459-s0096-0000000007150142-0293-s_lc,17.01880341880342,8.925,558.2643510216369,5.500782861221407e-05,,,,,17.01880341880342,8.925,558.2643510216369,,0.129486909281245,,0.046594944336217435,0,CANDIDATE,0.33333334,0.33333334,0.33333334
tess2025232030459-s0096-0000000007150628-0293-s_lc,download,tess2025232030459-s0096-0000000007150628-0293-s_lc,17.91642830121091,5.3999999999999995,9455.695120076896,0.0076892746375307585,,,,,17.91642830121091,5.3999999999999995,9455.695120076896,,0.13400082562556345,,0.04905250732706615,0,CANDIDATE,0.33333334,0.33333334,0.33333334
tess2025232030459-s0096-0000000007152332-0293-s_lc,download,tess2025232030459-s0096-0000000007152332-0293-s_lc,9.762467316815144,9.600000000000001,334.7607796288516,4.7963725659262675e-05,,,,,9.762467316815144,9.600000000000001,334.7607796288516,,0.08939493485296977,,0.026728178827693756,0,CANDIDATE,0.33333334,0.33333334,0.33333334
tess2025232030459-s0096-0000000007153462-0293-s_lc,download,tess2025232030459-s0096-0000000007153462-0293-s_lc,14.629488686010426,10.125,330.87556135319846,3.328150567864144e-05,,,,,14.629488686010426,10.125,330.87556135319846,,0.1170646978507699,,0.04005335711433381,0,CANDIDATE,0.33333334,0.33333334,0.33333334
tess2025232030459-s0096-0000000008964729-0293-s_lc,download,tess2025232030459-s0096-0000000008964729-0293-s_lc,14.994902929685539,10.0,1200.4973885328423,0.00043235819396225217,,,,,14.994902929685539,10.0,1200.4973885328423,,0.11900602685548942,,0.041053806789009,0,CANDIDATE,0.33333334,0.33333334,0.33333334
tess2025232030459-s0096-0000000008995067-0293-s_lc,download,tess2025232030459-s0096-0000000008995067-0293-s_lc,13.016165831383223,2.1525,4610.026718026239,0.0010944958365571625,,,,,13.016165831383223,2.1525,4610.026718026239,,0.10829171516814638,,0.03563631986689452,0,CANDIDATE,0.33333334,0.33333334,0.33333334
tess2025232030459-s0096-0000000008995204-0293-s_lc,download,tess2025232030459-s0096-0000000008995204-0293-s_lc,9.70996464692117,2.6774999999999998,3999.502328790803,0.0012876795196792462,,,,,9.70996464692117,2.6774999999999998,3999.502328790803,,0.0890741355020649,,0.026584434351598,0,CANDIDATE,0.33333334,0.33333334,0.33333334
tess2025232030459-s0096-0000000008997339-0293-s_lc,download,tess2025232030459-s0096-0000000008997339-0293-s_lc,9.10126531213488,10.075000000000001,221.62156378310567,2.1390069185912926e-05,,,,,9.10126531213488,10.075000000000001,221.62156378310567,,0.08531152396915427,,0.02491790639872657,0,CANDIDATE,0.33333334,0.33333334,0.33333334
tess2025232030459-s0096-0000000008998231-0293-s_lc,download,tess2025232030459-s0096-0000000008998231-0293-s_lc,10.477475636171288,2.415,3639.565502962882,0.00048349495233804713,,,,,10.477475636171288,2.415,3639.565502962882,,0.09370820594582437,,0.028685764917648977,0,CANDIDATE,0.33333334,0.33333334,0.33333334
tess2025232030459-s0096-0000000008999170-0293-s_lc,download,tess2025232030459-s0096-0000000008999170-0293-s_lc,2.724970288013767,10.0,193.4150283114746,4.101937768828282e-05,,,,,2.724970288013767,10.0,193.4150283114746,,0.03818103507308131,,0.007460562047950081,0,CANDIDATE,0.33333334,0.33333334,0.33333334
tess2025232030459-s0096-0000000009003759-0293-s_lc,download,tess2025232030459-s0096-0000000009003759-0293-s_lc,3.902281210976864,10.0,248.42612824420831,5.545141376317544e-05,,,,,3.902281210976864,10.0,248.42612824420831,,0.04850861691816374,,0.010683863685083816,0,CANDIDATE,0.33333334,0.33333334,0.33333334
tess2025232030459-s0096-0000000009006100-0293-s_lc,download,tess2025232030459-s0096-0000000009006100-0293-s_lc,8.618326855283378,10.0,263.70068873938783,3.129212395873238e-05,,,,,8.618326855283378,10.0,263.70068873938783,,0.08226627334070599,,0.023595692964499326,0,CANDIDATE,0.33333334,0.33333334,0.33333334
tess2025232030459-s0096-0000000009006668-0293-s_lc,download,tess2025232030459-s0096-0000000009006668-0293-s_lc,6.911915092349876,2.1674999999999995,2635.1203343273983,0.0002256754232325365,,,,,6.911915092349876,2.1674999999999995,2635.1203343273983,,0.0710131503994089,,0.018923792176180357,0,CANDIDATE,0.33333334,0.33333334,0.33333334
tess2025232030459-s0096-0000000009006726-0293-s_lc,download,tess2025232030459-s0096-0000000009006726-0293-s_lc,2.2297335797335798,10.0,762.0963859727245,0.0008688631886629812,,,,,2.2297335797335798,10.0,762.0963859727245,,0.033402207261424115,,0.006104677836368459,0,CANDIDATE,0.33333334,0.33333334,0.33333334
tess2025232030459-s0096-0000000009007748-0293-s_lc,download,tess2025232030459-s0096-0000000009007748-0293-s_lc,10.04644276383407,10.0,492.3390477762027,7.271932138955339e-05,,,,,10.04644276383407,10.0,492.3390477762027,,0.09112021304702729,,0.027505661228840714,0,CANDIDATE,0.33333334,0.33333334,0.33333334
tess2025232030459-s0096-0000000009032367-0293-s_lc,download,tess2025232030459-s0096-0000000009032367-0293-s_lc,9.150875290005727,10.0,9179.353462273702,0.0379172384934103,,,,,9.150875290005727,10.0,9179.353462273702,,0.08562125871397548,,0.025053731115689877,0,CANDIDATE,0.33333334,0.33333334,0.33333334
tess2025232030459-s0096-0000000009032812-0293-s_lc,download,tess2025232030459-s0096-0000000009032812-0293-s_lc,2.865234297842994,10.0,2010.2592419374882,0.004459400439543876,,,,,2.865234297842994,10.0,2010.2592419374882,,0.03948025457231568,,0.007844583977667335,0,CANDIDATE,0.33333334,0.33333334,0.33333334
tess2025232030459-s0096-0000000009033144-0293-s_lc,download,tess2025232030459-s0096-0000000009033144-0293-s_lc,12.321601869427957,10.0,1804.3896658066535,0.0009751187087879191,,,,,12.321601869427957,10.0,1804.3896658066535,,0.10440419878739526,,0.0337347073769417,0,CANDIDATE,0.33333334,0.33333334,0.33333334
tess2025232030459-s0096-0000000009033392-0293-s_lc,download,tess2025232030459-s0096-0000000009033392-0293-s_lc,12.138693040866954,1.71,8708.54931230545,0.0018959707781213931,,,,,12.138693040866954,1.71,8708.54931230545,,0.10336840215665237,,0.033233930296692554,0,CANDIDATE,0.33333334,0.33333334,0.33333334
tess2025232030459-s0096-0000000009034573-0293-s_lc,download,tess2025232030459-s0096-0000000009034573-0293-s_lc,3.7545162219075268,10.0,3385.110330125501,0.010313074752410143,,,,,3.7545162219075268,10.0,3385.110330125501,,0.04727619409432009,,0.010279305193449766,0,CANDIDATE,0.33333334,0.33333334,0.33333334
tess2025232030459-s0096-0000000009035878-0293-s_lc,download,tess2025232030459-s0096-0000000009035878-0293-s_lc,10.824463761420283,1.7824999999999998,10867.59502391153,0.003129772472499286,,,,,10.824463761420283,1.7824999999999998,10867.59502391153,,0.09576587419931074,,0.02963576662948743,0,CANDIDATE,0.33333334,0.33333334,0.33333334
tess2025232030459-s0096-0000000009053676-0293-s_lc,download,tess2025232030459-s0096-0000000009053676-0293-s_lc,1.526865996431214,7.129999999999999,482.0657766000625,0.0003409123348255544,,,,,1.526865996431214,7.129999999999999,482.0657766000625,,0.02595018545160376,,0.004180331270174439,0,CANDIDATE,0.33333334,0.33333334,0.33333334
tess2025232030459-s0096-0000000009055005-0293-s_lc,download,tess2025232030459-s0096-0000000009055005-0293-s_lc,18.486728869337565,10.0,5845.586093950561,0.010251263034536452,,,,,18.486728869337565,10.0,5845.586093950561,,0.13682954983006307,,0.050613905186413594,0,CANDIDATE,0.33333334,0.33333334,0.33333334
tess2025232030459-s0096-0000000009055831-0293-s_lc,download,tess2025232030459-s0096-0000000009055831-0293-s_lc,6.491294806512198,10.0,51817.318535741506,1.437835974875575,,,,,6.491294806512198,10.0,51817.318535741506,,0.06810213686911881,,0.017772196595515943,0,CANDIDATE,0.33333334,0.33333334,0.33333334
tess2025232030459-s0096-0000000009056576-0293-s_lc,download,tess2025232030459-s0096-0000000009056576-0293-s_lc,15.417567065393154,10.0,692.6631150284525,0.00014393465727627577,,,,,15.417567065393154,10.0,692.6631150284525,,0.12123194729524418,,0.04221099812564861,0,CANDIDATE,0.33333334,0.33333334,0.33333334
tess2025232030459-s0096-0000000009057984-0293-s_lc,download,tess2025232030459-s0096-0000000009057984-0293-s_lc,7.530545763154459,8.0,110.83129627821742,5.84084049960461e-06,,,,,7.530545763154459,8.0,110.83129627821742,,0.07518954988640873,,0.020617510645186746,0,CANDIDATE,0.33333334,0.33333334,0.33333334
tess2025232030459-s0096-0000000009058053-0293-s_lc,download,tess2025232030459-s0096-0000000009058053-0293-s_lc,19.998933046759134,8.0325,878.7758181916694,0.00018611151221186356,,,,,19.998933046759134,8.0325,878.7758181916694,,0.14419307424369127,,0.05475409458387169,0,CANDIDATE,0.33333334,0.33333334,0.33333334
tess2025232030459-s0096-0000000009072580-0293-s_lc,download,tess2025232030459-s0096-0000000009072580-0293-s_lc,1.0578672317802753,10.0,292.1500913142905,0.00025242758134100946,,,,,1.0578672317802753,10.0,292.1500913142905,,0.020318608392191653,,0.002896282633210884,0,CANDIDATE,0.33333334,0.33333334,0.33333334
tess2025232030459-s0096-0000000009100874-0293-s_lc,download,tess2025232030459-s0096-0000000009100874-0293-s_lc,14.244449298797125,10.0,8411.157042173723,0.021224268836432587,,,,,14.244449298797125,10.0,8411.157042173723,,0.11500153205837543,,0.03899917672497502,0,CANDIDATE,0.33333334,0.33333334,0.33333334
tess2025232030459-s0096-0000000009102069-0293-s_lc,download,tess2025232030459-s0096-0000000009102069-0293-s_lc,11.201217605565432,1.235,78189.74734099343,0.1161590951957194,,,,,11.201217605565432,1.235,78189.74734099343,,0.09797531606057745,,0.030667262438235268,0,CANDIDATE,0.33333334,0.33333334,0.33333334
tess2025232030459-s0096-0000000009102466-0293-s_lc,download,tess2025232030459-s0096-0000000009102466-0293-s_lc,4.405252242208764,9.2,932.6062367966423,0.00048010442488742117,,,,,4.405252242208764,9.2,932.6062367966423,,0.052592082846902234,,0.01206092331884672,0,CANDIDATE,0.33333334,0.33333334,0.33333334
tess2025232030459-s0096-0000000009102749-0293-s_lc,download,tess2025232030459-s0096-0000000009102749-0293-s_lc,1.1004387330474288,10.0,576.3478278773968,0.0009003652670836217,,,,,1.1004387330474288,10.0,576.3478278773968,,0.020860134088426234,,0.0030128370514645553,0,CANDIDATE,0.33333334,0.33333334,0.33333334
tess2025232030459-s0096-0000000009102978-0293-s_lc,download,tess2025232030459-s0096-0000000009102978-0293-s_lc,6.032092292961859,10.0,445.921349315236,0.00011811443476642172,,,,,6.032092292961859,10.0,445.921349315236,,0.06485127249246835,,0.016514968632339106,0,CANDIDATE,0.33333334,0.33333334,0.33333334
tess2025232030459-s0096-0000000009107839-0293-s_lc,download,tess2025232030459-s0096-0000000009107839-0293-s_lc,2.1219928959059398,6.199999999999999,461.6437598438878,0.00019798379877160224,,,,,2.1219928959059398,6.199999999999999,461.6437598438878,,0.032317354387049455,,0.0058096999203448045,0,CANDIDATE,0.33333334,0.33333334,0.33333334
tess2025232030459-s0096-0000000009108483-0293-s_lc,download,tess2025232030459-s0096-0000000009108483-0293-s_lc,5.6287098134924225,10.0,166.02629138357966,1.2404128243763387e-05,,,,,5.6287098134924225,10.0,166.02629138357966,,0.061926864295837034,,0.015410567593408413,0,CANDIDATE,0.33333334,0.33333334,0.33333334
tess2025232030459-s0096-0000000009109983-0293-s_lc,download,tess2025232030459-s0096-0000000009109983-0293-s_lc,10.979309744527137,5.67,1065.3326879389494,0.00024003848516214457,,,,,10.979309744527137,5.67,1065.3326879389494,,0.09667700963056915,,0.03005971182622077,0,CANDIDATE,0.33333334,0.33333334,0.33333334
tess2025232030459-s0096-0000000009143444-0293-s_lc,download,tess2025232030459-s0096-0000000009143444-0293-s_lc,1.528917546308851,5.67,7543.110217735241,0.06580312884685695,,,,,1.528917546308851,5.67,7543.110217735241,,0.02597342529274883,,0.004185948107621768,0,CANDIDATE,0.33333334,0.33333334,0.33333334
tess2025232030459-s0096-0000000009143481-0293-s_lc,download,tess2025232030459-s0096-0000000009143481-0293-s_lc,2.0430241278067363,10.0,92.60536542076193,1.3764084696064123e-05,,,,,2.0430241278067363,10.0,92.60536542076193,,0.03151051592675929,,0.005593495216445548,0,CANDIDATE,0.33333334,0.33333334,0.33333334
tess2025232030459-s0096-0000000009143974-0293-s_lc,download,tess2025232030459-s0096-0000000009143974-0293-s_lc,20.130402308663182,5.4075,994.5212510789343,0.0001607242843127364,,,,,20.130402308663182,5.4075,994.5212510789343,,0.1448243161715242,,0.05511403780605936,0,CANDIDATE,0.33333334,0.33333334,0.33333334
tess2025232030459-s0096-0000000009144320-0293-s_lc,download,tess2025232030459-s0096-0000000009144320-0293-s_lc,1.83800355539486,10.0,14754.519895951007,0.3559327267836231,,,,,1.83800355539486,10.0,14754.519895951007,,0.029365501023927452,,0.005032179480889418,0,CANDIDATE,0.33333334,0.33333334,0.33333334
tess2025232030459-s0096-0000000009144365-0293-s_lc,download,tess2025232030459-s0096-0000000009144365-0293-s_lc,7.063758742019612,0.75,1135113.3767739264,14.817547348507714,,,,,7.063758742019612,0.75,1135113.3767739264,,0.07204940889098176,,0.019339517431949657,0,CANDIDATE,0.33333334,0.33333334,0.33333334
tess2025232030459-s0096-0000000009144674-0293-s_lc,download,tess2025232030459-s0096-0000000009144674-0293-s_lc,8.013879263879264,8.399999999999999,613.697976559837,0.0001419877028254816,,,,,8.013879263879264,8.399999999999999,613.697976559837,,0.07837334452132753,,0.02194080565059347,0,CANDIDATE,0.33333334,0.33333334,0.33333334
tess2025232030459-s0096-0000000009144862-0293-s_lc,download,tess2025232030459-s0096-0000000009144862-0293-s_lc,15.613895333460553,1.365,36251.940452553274,0.05388233064959421,,,,,15.613895333460553,1.365,36251.940452553274,,0.12225895877628447,,0.04274851562891322,0,CANDIDATE,0.33333334,0.33333334,0.33333334
tess2025232030459-s0096-0000000009145247-0293-s_lc,download,tess2025232030459-s0096-0000000009145247-0293-s_lc,0.8723549636593115,10.0,288.9217804794978,0.00029613038359773444,,,,,0.8723549636593115,10.0,288.9217804794978,,0.01786770092936268,,0.0023883777239132415,0,CANDIDATE,0.33333334,0.33333334,0.33333334
tess2025232030459-s0096-0000000009156146-0293-s_lc,download,tess2025232030459-s0096-0000000009156146-0293-s_lc,23.540903612642744,7.875,400.7283120445482,2.1839312490073906e-05,,,,,23.540903612642744,7.875,400.7283120445482,,0.1607515872023993,,0.06445148148567487,0,CANDIDATE,0.33333334,0.33333334,0.33333334
tess2025232030459-s0096-0000000009156160-0293-s_lc,download,tess2025232030459-s0096-0000000009156160-0293-s_lc,3.447178784135306,10.0,1540.3012680742984,0.0019976685729951476,,,,,3.447178784135306,10.0,1540.3012680742984,,0.04465969187695414,,0.009437861147529928,0,CANDIDATE,0.33333334,0.33333334,0.33333334
tess2025232030459-s0096-0000000009156563-0293-s_lc,download,tess2025232030459-s0096-0000000009156563-0293-s_lc,15.6277124951038,10.075000000000001,455.4737203078858,5.7569125994781954e-05,,,,,15.6277124951038,10.075000000000001,455.4737203078858,,0.12233107499970826,,0.042786344955794114,0,CANDIDATE,0.33333334,0.33333334,0.33333334
tess2025232030459-s0096-0000000009157251-0293-s_lc,download,tess2025232030459-s0096-0000000009157251-0293-s_lc,0.9375817288860768,4.5,11672.059225832701,0.19829290484459455,,,,,0.9375817288860768,4.5,11672.059225832701,,0.018747611299156818,,0.0025669588744314216,0,CANDIDATE,0.33333334,0.33333334,0.33333334
tess2025232030459-s0096-0000000009157339-0293-s_lc,download,tess2025232030459-s0096-0000000009157339-0293-s_lc,0.9131079239774893,10.0,214.98256617987508,0.00015281817618668675,,,,,0.9131079239774893,10.0,214.98256617987508,,0.018419927846655283,,0.002499953248398328,0,CANDIDATE,0.33333334,0.33333334,0.33333334
tess2025232030459-s0096-0000000009158705-0293-s_lc,download,tess2025232030459-s0096-0000000009158705-0293-s_lc,5.725778454039324,9.600000000000001,307.0286715690448,5.429756457530056e-05,,,,,5.725778454039324,9.600000000000001,307.0286715690448,,0.06263679729950745,,0.01567632704733559,0,CANDIDATE,0.33333334,0.33333334,0.33333334
tess2025232030459-s0096-0000000009165090-0293-s_lc,download,tess2025232030459-s0096-0000000009165090-0293-s_lc,16.134445984445986,4.9,1346.3042333863848,0.0002655363905141959,,,,,16.134445984445986,4.9,1346.3042333863848,,0.12496140183911869,,0.04417370563845581,0,CANDIDATE,0.33333334,0.33333334,0.33333334
tess2025232030459-s0096-0000000009165884-0293-s_lc,download,tess2025232030459-s0096-0000000009165884-0293-s_lc,1.9410865715213543,10.0,6112.326705144013,0.05863736399927895,,,,,1.9410865715213543,10.0,6112.326705144013,,0.03045344675557038,,0.005314405397731292,0,CANDIDATE,0.33333334,0.33333334,0.33333334
tess2025232030459-s0096-0000000009166136-0293-s_lc,download,tess2025232030459-s0096-0000000009166136-0293-s_lc,11.304025932286804,2.55,13328.63066681077,0.006750791027185443,,,,,11.304025932286804,2.55,13328.63066681077,,0.09857390172664601,,0.03094873629647311,0,CANDIDATE,0.33333334,0.33333334,0.33333334
tess2025232030459-s0096-0000000009166565-0293-s_lc,download,tess2025232030459-s0096-0000000009166565-0293-s_lc,6.9351172242476595,7.5,522.6324576582963,0.00012291510860907792,,,,,6.9351172242476595,7.5,522.6324576582963,,0.07117198105779167,,0.01898731615125985,0,CANDIDATE,0.33333334,0.33333334,0.33333334
tess2025232030459-s0096-0000000009178478-0293-s_lc,download,tess2025232030459-s0096-0000000009178478-0293-s_lc,14.364451910104085,10.0,45897.972684463704,0.5751083237564509,,,,,14.364451910104085,10.0,45897.972684463704,,0.11564651682823279,,0.03932772596879969,0,CANDIDATE,0.33333334,0.33333334,0.33333334
tess2025232030459-s0096-0000000009179390-0293-s_lc,download,tess2025232030459-s0096-0000000009179390-0293-s_lc,2.438301344823084,9.600000000000001,344.9331123876064,0.00014467828405802374,,,,,2.438301344823084,9.600000000000001,344.9331123876064,,0.03545396152455246,,0.006675705256189142,0,CANDIDATE,0.33333334,0.33333334,0.33333334
tess2025232030459-s0096-0000000009210746-0293-s_lc,download,tess2025232030459-s0096-0000000009210746-0293-s_lc,6.16760623499754,0.25,52776.82670175419,0.009748877028474478,,,,,6.16760623499754,0.25,52776.82670175419,,0.06581894894249529,,0.01688598558520887,0,CANDIDATE,0.33333334,0.33333334,0.33333334
tess2025232030459-s0096-0000000009216075-0293-s_lc,download,tess2025232030459-s0096-0000000009216075-0293-s_lc,1.860737660737661,10.0,2331.265319865354,0.008834264135357033,,,,,1.860737660737661,10.0,2331.265319865354,,0.029607150778042966,,0.00509442206909695,0,CANDIDATE,0.33333334,0.33333334,0.33333334
tess2025232030459-s0096-0000000012358786-0293-s_lc,download,tess2025232030459-s0096-0000000012358786-0293-s_lc,4.694762823023693,8.399999999999999,507.5327265791368,0.00012982509214862185,,,,,4.694762823023693,8.399999999999999,507.5327265791368,,0.05487176814811654,,0.012853560090413944,0,CANDIDATE,0.33333334,0.33333334,0.33333334
tess2025232030459-s0096-0000000012358822-0293-s_lc,download,tess2025232030459-s0096-0000000012358822-0293-s_lc,2.849917308612961,10.0,21623.86857561425,0.4334574986466306,,,,,2.849917308612961,10.0,21623.86857561425,,0.03933942636768082,,0.0078026483466473945,0,CANDIDATE,0.33333334,0.33333334,0.33333334
tess2025232030459-s0096-0000000012358929-0293-s_lc,download,tess2025232030459-s0096-0000000012358929-0293-s_lc,4.009986575203967,5.95,21865.61010774722,0.1776159723501624,,,,,4.009986575203967,5.95,21865.61010774722,,0.04939713900067056,,0.01097874490131134,0,CANDIDATE,0.33333334,0.33333334,0.33333334
tess2025232030459-s0096-0000000012358947-0293-s_lc,download,tess2025232030459-s0096-0000000012358947-0293-s_lc,1.7691778735256998,1.0499999999999998,14589.598617488098,0.03703701148057745,,,,,1.7691778735256998,1.0499999999999998,14589.598617488098,,0.02862776980272159,,0.004843745033609034,0,CANDIDATE,0.33333334,0.33333334,0.33333334
tess2025232030459-s0096-0000000012358973-0293-s_lc,download,tess2025232030459-s0096-0000000012358973-0293-s_lc,6.63992068992069,3.35,39001.25446112313,0.3065012166825672,,,,,6.63992068992069,3.35,39001.25446112313,,0.0691377292598304,,0.018179112087394086,0,CANDIDATE,0.33333334,0.33333334,0.33333334
tess2025232030459-s0096-0000000012358982-0293-s_lc,download,tess2025232030459-s0096-0000000012358982-0293-s_lc,0.5010033444816053,10.0,18387.7438689924,2.0362622028533175,,,,,0.5010033444816053,10.0,18387.7438689924,,0.012345260740174445,,0.0013716724010447785,0,CANDIDATE,0.33333334,0.33333334,0.33333334
tess2025232030459-s0096-0000000012358994-0293-s_lc,download,tess2025232030459-s0096-0000000012358994-0293-s_lc,1.2091129591129592,7.75,12263.6807989202,0.2965093942735806,,,,,1.2091129591129592,7.75,12263.6807989202,,0.022211834771421565,,0.0033103708668390398,0,CANDIDATE,0.33333334,0.33333334,0.33333334
tess2025232030459-s0096-0000000012358997-0293-s_lc,download,tess2025232030459-s0096-0000000012358997-0293-s_lc,1.0829309242352723,9.719999999999999,6918.797306083669,0.12905686261456004,,,,,1.0829309242352723,9.719999999999999,6918.797306083669,,0.020638288891607577,,0.002964903283327234,0,CANDIDATE,0.33333334,0.33333334,0.33333334
tess2025232030459-s0096-0000000012359021-0293-s_lc,download,tess2025232030459-s0096-0000000012359021-0293-s_lc,0.6495970887275234,10.0,30088.18664481704,4.267579370852755,,,,,0.6495970887275234,10.0,30088.18664481704,,0.014679205943864808,,0.0017784999006913715,0,CANDIDATE,0.33333334,0.33333334,0.33333334
tess2025232030459-s0096-0000000012359032-0293-s_lc,download,tess2025232030459-s0096-0000000012359032-0293-s_lc,2.3128462911071606,10.0,9125.175142979835,0.11445299500063343,,,,,2.3128462911071606,10.0,9125.175142979835,,0.03422717307766213,,0.0063322280386233,0,CANDIDATE,0.33333334,0.33333334,0.33333334
tess2025232030459-s0096-0000000012359058-0293-s_lc,download,tess2025232030459-s0096-0000000012359058-0293-s_lc,7.7212799756278025,10.0,16324.54958122757,0.11992091356348075,,,,,7.7212799756278025,10.0,16324.54958122757,,0.07645385417227203,,0.021139712458939912,0,CANDIDATE,0.33333334,0.33333334,0.33333334
tess2025232030459-s0096-0000000012359060-0293-s_lc,download,tess2025232030459-s0096-0000000012359060-0293-s_lc,14.455855855855855,10.0,13464.936276676663,0.027105024085777,,,,,14.455855855855855,10.0,13464.936276676663,,0.11613658630330842,,0.03957797633362315,0,CANDIDATE,0.33333334,0.33333334,0.33333334
tess2025232030459-s0096-0000000012359066-0293-s_lc,download,tess2025232030459-s0096-0000000012359066-0293-s_lc,0.8256524082611041,6.545,13633.107290182228,0.45201544618582734,,,,,0.8256524082611041,6.545,13633.107290182228,,0.01722415869667531,,0.002260513095855179,0,CANDIDATE,0.33333334,0.33333334,0.33333334
tess2025232030459-s0096-0000000012359071-0293-s_lc,download,tess2025232030459-s0096-0000000012359071-0293-s_lc,0.6409329061502974,10.0,25796.209516017945,3.1432267433499512,,,,,0.6409329061502974,10.0,25796.209516017945,,0.014548388718278573,,0.0017547786616024569,0,CANDIDATE,0.33333334,0.33333334,0.33333334
tess2025232030459-s0096-0000000012359081-0293-s_lc,download,tess2025232030459-s0096-0000000012359081-0293-s_lc,1.002337119728424,10.0,1463.3798605212635,0.006563638088589348,,,,,1.002337119728424,10.0,1463.3798605212635,,0.0196011879449533,,0.002744249472220189,0,CANDIDATE,0.33333334,0.33333334,0.33333334
tess2025232030459-s0096-0000000012359092-0293-s_lc,download,tess2025232030459-s0096-0000000012359092-0293-s_lc,1.9231889079715168,10.0,2069.3224251604397,0.007050469910251155,,,,,1.9231889079715168,10.0,2069.3224251604397,,0.030265961870948946,,0.005265404265493543,0,CANDIDATE,0.33333334,0.33333334,0.33333334
tess2025232030459-s0096-0000000012359093-0293-s_lc,download,tess2025232030459-s0096-0000000012359093-0293-s_lc,8.24500102108798,10.0,332191.4621820806,49.49249864468091,,,,,8.24500102108798,10.0,332191.4621820806,,0.0798730605866952,,0.022573582535490706,0,CANDIDATE,0.33333334,0.33333334,0.33333334
tess2025232030459-s0096-0000000012359094-0293-s_lc,download,tess2025232030459-s0096-0000000012359094-0293-s_lc,10.184467075771424,10.0,36957.03070687151,0.4097466356005932,,,,,10.184467075771424,10.0,36957.03070687151,,0.09195289126949578,,0.027883551199921763,0,CANDIDATE,0.33333334,0.33333334,0.33333334
tess2025232030459-s0096-0000000012359095-0293-s_lc,download,tess2025232030459-s0096-0000000012359095-0293-s_lc,0.952719274458405,9.6875,12212.371071211315,0.44742602154287703,,,,,0.952719274458405,9.6875,12212.371071211315,,0.018948862800147626,,0.0026084032154918687,0,CANDIDATE,0.33333334,0.33333334,0.33333334
tess2025232030459-s0096-0000000012359106-0293-s_lc,download,tess2025232030459-s0096-0000000012359106-0293-s_lc,10.625073903334775,0.25,165688.95522393135,0.2882547137735782,,,,,10.625073903334775,0.25,165688.95522393135,,0.09458620984827025,,0.02908986694958186,0,CANDIDATE,0.33333334,0.33333334,0.33333334
tess2025232030459-s0096-0000000012359121-0293-s_lc,download,tess2025232030459-s0096-0000000012359121-0293-s_lc,17.148917311960794,1.6274999999999995,40579.41690469472,0.07986442020176365,,,,,17.148917311960794,1.6274999999999995,40579.41690469472,,0.13014604886239547,,0.04695117676101518,0,CANDIDATE,0.33333334,0.33333334,0.33333334
tess2025232030459-s0096-0000000012359137-0293-s_lc,download,tess2025232030459-s0096-0000000012359137-0293-s_lc,1.0851194003367919,5.67,12660.314546324073,0.26935652999413895,,,,,1.0851194003367919,5.67,12660.314546324073,,0.020666084572130795,,0.0029708950043443993,0,CANDIDATE,0.33333334,0.33333334,0.33333334
tess2025232030459-s0096-0000000012359139-0293-s_lc,download,tess2025232030459-s0096-0000000012359139-0293-s_lc,14.488523640697554,2.6999999999999997,188938.19986164634,1.7491845249810114,,,,,14.488523640697554,2.6999999999999997,188938.19986164634,,0.11631148647510342,,0.03966741585406586,0,CANDIDATE,0.33333334,0.33333334,0.33333334
tess2025232030459-s0096-0000000012359143-0293-s_lc,download,tess2025232030459-s0096-0000000012359143-0293-s_lc,8.141421856639248,10.0,12534.812953376219,0.06952627958093675,,,,,8.141421856639248,10.0,12534.812953376219,,0.07920270655498055,,0.02228999823857426,0,CANDIDATE,0.33333334,0.33333334,0.33333334
tess2025232030459-s0096-0000000012359144-0293-s_lc,download,tess2025232030459-s0096-0000000012359144-0293-s_lc,12.787502720111418,10.0,6234.626577672028,0.011661170568904328,,,,,12.787502720111418,10.0,6234.626577672028,,0.1070196869678009,,0.035010274387710934,0,CANDIDATE,0.33333334,0.33333334,0.33333334
tess2025232030459-s0096-0000000012359159-0293-s_lc,download,tess2025232030459-s0096-0000000012359159-0293-s_lc,3.001926508448248,9.0,19297.709157532194,0.2794873848358908,,,,,3.001926508448248,9.0,19297.709157532194,,0.04072613727938274,,0.008218826854067756,0,CANDIDATE,0.33333334,0.33333334,0.33333334
tess2025232030459-s0096-0000000012359187-0293-s_lc,download,tess2025232030459-s0096-0000000012359187-0293-s_lc,1.5075250836120402,9.600000000000001,12658.288810828428,0.3179008348267948,,,,,1.5075250836120402,9.600000000000001,12658.288810828428,,0.025730578367063963,,0.004127378736788611,0,CANDIDATE,0.33333334,0.33333334,0.33333334
tess2025232030459-s0096-0000000012359206-0293-s_lc,download,tess2025232030459-s0096-0000000012359206-0293-s_lc,2.0348547544199715,10.0,152.23318113795176,3.7960554077705154e-05,,,,,2.0348547544199715,10.0,152.23318113795176,,0.03142645980321228,,0.005571128691088218,0,CANDIDATE,0.33333334,0.33333334,0.33333334
tess2025232030459-s0096-0000000012359212-0293-s_lc,download,tess2025232030459-s0096-0000000012359212-0293-s_lc,3.5770427618253704,5.4075,4406.008946049603,0.008988179567525807,,,,,3.5770427618253704,5.4075,4406.008946049603,,0.04577439415262193,,0.009793409341068775,0,CANDIDATE,0.33333334,0.33333334,0.33333334
tess2025232030459-s0096-0000000012359266-0293-s_lc,download,tess2025232030459-s0096-0000000012359266-0293-s_lc,5.061794905273167,10.0,20288.191735106066,0.24408515926109267,,,,,5.061794905273167,10.0,20288.191735106066,,0.05769562467231224,,0.013858439165703399,0,CANDIDATE,0.33333334,0.33333334,0.33333334
tess2025232030459-s0096-0000000012359292-0293-s_lc,download,tess2025232030459-s0096-0000000012359292-0293-s_lc,15.495816719729765,10.0,1446.5972636413562,0.0006277930929523978,,,,,15.495816719729765,10.0,1446.5972636413562,,0.12164179802096449,,0.04242523400336691,0,CANDIDATE,0.33333334,0.33333334,0.33333334
tess2025232030459-s0096-0000000012377591-0293-s_lc,download,tess2025232030459-s0096-0000000012377591-0293-s_lc,2.3437825785651873,10.0,45.8623038047578,2.836368702512448e-06,,,,,2.3437825785651873,10.0,45.8623038047578,,0.03453170839254056,,0.006416926977591204,0,CANDIDATE,0.33333334,0.33333334,0.33333334
tess2025232030459-s0096-0000000012377662-0293-s_lc,download,tess2025232030459-s0096-0000000012377662-0293-s_lc,14.362922956401219,4.12,63615.60811353327,0.3500607940241264,,,,,14.362922956401219,4.12,63615.60811353327,,0.11563831039807496,,0.039323539921700804,0,CANDIDATE,0.33333334,0.33333334,0.33333334
tess2025232030459-s0096-0000000012377695-0293-s_lc,download,tess2025232030459-s0096-0000000012377695-0293-s_lc,1.1913259413259414,10.0,9830.324920074672,0.24622671391124637,,,,,1.1913259413259414,10.0,9830.324920074672,,0.02199346126709331,,0.00326167266619012,0,CANDIDATE,0.33333334,0.33333334,0.33333334
tess2025232030459-s0096-0000000012377732-0293-s_lc,download,tess2025232030459-s0096-0000000012377732-0293-s_lc,11.88947191338496,0.7125,1266336.6466980882,16.837889279090863,,,,,11.88947191338496,0.7125,1266336.6466980882,,0.10194866906357565,,0.03255160003664602,0,CANDIDATE,0.33333334,0.33333334,0.33333334
tess2025232030459-s0096-0000000012377749-0293-s_lc,download,tess2025232030459-s0096-0000000012377749-0293-s_lc,5.303222453222454,10.0,4027.4684432108234,0.012165376545794259,,,,,5.303222453222454,10.0,4027.4684432108234,,0.059515910239268534,,0.014519431767891729,0,CANDIDATE,0.33333334,0.33333334,0.33333334
tess2025232030459-s0096-0000000012377750-0293-s_lc,download,tess2025232030459-s0096-0000000012377750-0293-s_lc,11.495259473520344,8.399999999999999,30115.53825429071,0.22855030237510307,,,,,11.495259473520344,8.399999999999999,30115.53825429071,,0.09968252632014642,,0.03147230519786542,0,CANDIDATE,0.33333334,0.33333334,0.33333334
tess2025232030459-s0096-0000000012377770-0293-s_lc,download,tess2025232030459-s0096-0000000012377770-0293-s_lc,11.782161425639687,0.6000000000000001,34368.064906299696,0.01063047496863266,,,,,11.782161425639687,0.6000000000000001,34368.064906299696,,0.10133430565022757,,0.0322577999333051,0,CANDIDATE,0.33333334,0.33333334,0.33333334
tess2025232030459-s0096-0000000012377777-0293-s_lc,download,tess2025232030459-s0096-0000000012377777-0293-s_lc,10.182279101844319,0.7875000000000001,1549447.6785891235,27.609063249880077,,,,,10.182279101844319,0.7875000000000001,1549447.6785891235,,0.09193972103475921,,0.027877560853783213,0,CANDIDATE,0.33333334,0.33333334,0.33333334
tess2025232030459-s0096-0000000012377787-0293-s_lc,download,tess2025232030459-s0096-0000000012377787-0293-s_lc,1.340583225365834,10.0,13899.671510685826,0.42562151243525154,,,,,1.340583225365834,10.0,13899.671510685826,,0.02379408657610748,,0.00367031683878394,0,CANDIDATE,0.33333334,0.33333334,0.33333334
tess2025232030459-s0096-0000000012377823-0293-s_lc,download,tess2025232030459-s0096-0000000012377823-0293-s_lc,10.15955286390069,0.7,211249.13448306377,1.4057251998250722,,,,,10.15955286390069,0.7,211249.13448306377,,0.09180286745609573,,0.027815339805340695,0,CANDIDATE,0.33333334,0.33333334,0.33333334
tess2025232030459-s0096-0000000012377837-0293-s_lc,download,tess2025232030459-s0096-0000000012377837-0293-s_lc,12.092959514698645,1.0999999999999999,1513044.9294186963,37.77353181425386,,,,,12.092959514698645,1.0999999999999999,1513044.9294186963,,0.10310860620389092,,0.03310871872607432,0,CANDIDATE,0.33333334,0.33333334,0.33333334
tess2025232030459-s0096-0000000012377862-0293-s_lc,download,tess2025232030459-s0096-0000000012377862-0293-s_lc,7.4223010636054125,3.895,178395.25941084063,5.2511033157430855,,,,,7.4223010636054125,3.895,178395.25941084063,,0.07446729200977414,,0.020321152809323513,0,CANDIDATE,0.33333334,0.33333334,0.33333334
tess2025232030459-s0096-0000000012377867-0293-s_lc,download,tess2025232030459-s0096-0000000012377867-0293-s_lc,1.0514795732187037,10.0,189.731418947702,0.00010579815531623483,,,,,1.0514795732187037,10.0,189.731418947702,,0.020236733404300798,,0.0028787941771901537,0,CANDIDATE,0.33333334,0.33333334,0.33333334
tess2025232030459-s0096-0000000012377870-0293-s_lc,download,tess2025232030459-s0096-0000000012377870-0293-s_lc,1.9180586941456508,9.299999999999999,24233.576077404072,0.8947000701722306,,,,,1.9180586941456508,9.299999999999999,24233.576077404072,,0.030212113816934557,,0.0052513585055322404,0,CANDIDATE,0.33333334,0.33333334,0.33333334
tess2025232030459-s0096-0000000012377872-0293-s_lc,download,tess2025232030459-s0096-0000000012377872-0293-s_lc,7.406411930324974,10.075000000000001,3693.3304146019213,0.006977212705553171,,,,,7.406411930324974,10.075000000000001,3693.3304146019213,,0.07436097787359655,,0.020277650733264815,0,CANDIDATE,0.33333334,0.33333334,0.33333334
tess2025232030459-s0096-0000000012377881-0293-s_lc,download,tess2025232030459-s0096-0000000012377881-0293-s_lc,2.8432546258633216,10.075000000000001,34793.14650571497,1.2777492926972775,,,,,2.8432546258633216,10.075000000000001,34793.14650571497,,0.03927808930118012,,0.007784406915436883,0,CANDIDATE,0.33333334,0.33333334,0.33333334
tess2025232030459-s0096-0000000012377882-0293-s_lc,download,tess2025232030459-s0096-0000000012377882-0293-s_lc,1.4560599060599062,5.0375000000000005,9074.607456785521,0.09321850256005404,,,,,1.4560599060599062,5.0375000000000005,9074.607456785521,,0.025141586489631988,,0.003986474759917607,0,CANDIDATE,0.33333334,0.33333334,0.33333334
tess2025232030459-s0096-0000000012377884-0293-s_lc,download,tess2025232030459-s0096-0000000012377884-0293-s_lc,5.692309701005353,10.0,21286.240655141843,0.2066154428002477,,,,,5.692309701005353,10.0,21286.240655141843,,0.06239247265954025,,0.015584694595497202,0,CANDIDATE,0.33333334,0.33333334,0.33333334
tess2025232030459-s0096-0000000012377891-0293-s_lc,download,tess2025232030459-s0096-0000000012377891-0293-s_lc,1.8910448910448912,10.0,1814.883521676941,0.005423245317779527,,,,,1.8910448910448912,10.0,1814.883521676941,,0.029927773565275335,,0.005177398743449394,0,CANDIDATE,0.33333334,0.33333334,0.33333334
tess2025232030459-s0096-0000000012377893-0293-s_lc,download,tess2025232030459-s0096-0000000012377893-0293-s_lc,0.7542408629365152,10.0,18376.58470516705,1.3138174359405517,,,,,0.7542408629365152,10.0,18376.58470516705,,0.016216105285389713,,0.0020649989402779334,0,CANDIDATE,0.33333334,0.33333334,0.33333334
tess2025232030459-s0096-0000000012377897-0293-s_lc,download,tess2025232030459-s0096-0000000012377897-0293-s_lc,0.5010033444816053,8.137500000000001,14461.626743408977,1.0261387767342673,,,,,0.5010033444816053,8.137500000000001,14461.626743408977,,0.012345260740174445,,0.0013716724010447785,0,CANDIDATE,0.33333334,0.33333334,0.33333334
tess2025232030459-s0096-0000000012377900-0293-s_lc,download,tess2025232030459-s0096-0000000012377900-0293-s_lc,4.855710392666914,10.0,13482.903949042897,0.10907321933946994,,,,,4.855710392666914,10.0,13482.903949042897,,0.05611879896620299,,0.013294210520648636,0,CANDIDATE,0.33333334,0.33333334,0.33333334
tess2025232030459-s0096-0000000012377912-0293-s_lc,download,tess2025232030459-s0096-0000000012377912-0293-s_lc,1.143113180069702,10.0,15664.289538172865,0.6350174739120223,,,,,1.143113180069702,10.0,15664.289538172865,,0.021396004064282655,,0.0031296733198349132,0,CANDIDATE,0.33333334,0.33333334,0.33333334
tess2025232030459-s0096-0000000012377913-0293-s_lc,download,tess2025232030459-s0096-0000000012377913-0293-s_lc,9.900380815598206,6.48,49327.448274319904,0.4720402477316069,,,,,9.900380815598206,6.48,49327.448274319904,,0.09023488106104119,,0.027105765408893104,0,CANDIDATE,0.33333334,0.33333334,0.33333334
tess2025232030459-s0096-0000000012377923-0293-s_lc,download,tess2025232030459-s0096-0000000012377923-0293-s_lc,1.629174827000914,7.369999999999999,6669.799577840081,0.0577653649915096,,,,,1.629174827000914,7.369999999999999,6669.799577840081,,0.027096819035959868,,0.004460437582480258,0,CANDIDATE,0.33333334,0.33333334,0.33333334
tess2025232030459-s0096-0000000012377924-0293-s_lc,download,tess2025232030459-s0096-0000000012377924-0293-s_lc,1.1600311013354494,10.0,118.57602873115513,3.7829168783457974e-05,,,,,1.1600311013354494,10.0,118.57602873115513,,0.021606592059398796,,0.0031759920638889786,0,CANDIDATE,0.33333334,0.33333334,0.33333334
tess2025232030459-s0096-0000000012377940-0293-s_lc,download,tess2025232030459-s0096-0000000012377940-0293-s_lc,1.7679940810375594,1.25,332.03773840257634,2.475091390792523e-05,,,,,1.7679940810375594,1.25,332.03773840257634,,0.028614998100559473,,0.004840503986413578,0,CANDIDATE,0.33333334,0.33333334,0.33333334
tess2025232030459-s0096-0000000012377942-0293-s_lc,download,tess2025232030459-s0096-0000000012377942-0293-s_lc,6.151098757620497,10.0,6022.92049096821,0.021765342744314842,,,,,6.151098757620497,10.0,6022.92049096821,,0.06570145440573735,,0.01684079057527857,0,CANDIDATE,0.33333334,0.33333334,0.33333334
tess2025232030459-s0096-0000000012377948-0293-s_lc,download,tess2025232030459-s0096-0000000012377948-0293-s_lc,11.10481384394428,2.6774999999999998,54967.563184973806,0.241714640199527,,,,,11.10481384394428,2.6774999999999998,54967.563184973806,,0.09741235407806456,,0.0304033233235983,0,CANDIDATE,0.33333334,0.33333334,0.33333334
tess2025232030459-s0096-0000000012377965-0293-s_lc,download,tess2025232030459-s0096-0000000012377965-0293-s_lc,18.051939564983044,4.4,74482.42697260807,0.6379776716889377,,,,,18.051939564983044,4.4,74482.42697260807,,0.1346756553411175,,0.04942351694724995,0,CANDIDATE,0.33333334,0.33333334,0.33333334
tess2025232030459-s0096-0000000012378718-0293-s_lc,download,tess2025232030459-s0096-0000000012378718-0293-s_lc,14.372501431197085,10.0,6888.71244530893,0.014236307746246244,,,,,14.372501431197085,10.0,6888.71244530893,,0.11568971662736056,,0.03934976435646019,0,CANDIDATE,0.33333334,0.33333334,0.33333334
tess2025232030459-s0096-0000000012379252-0293-s_lc,download,tess2025232030459-s0096-0000000012379252-0293-s_lc,0.5295171425606208,2.415,28719.241843688254,1.1101738708946383,,,,,0.5295171425606208,2.415,28719.241843688254,,0.012809333508864238,,0.0014497389255595367,0,CANDIDATE,0.33333334,0.33333334,0.33333334
tess2025232030459-s0096-0000000012393487-0293-s_lc,download,tess2025232030459-s0096-0000000012393487-0293-s_lc,14.630004419134854,10.0,735.2348837212437,0.00016217110027217724,,,,,14.630004419134854,10.0,735.2348837212437,,0.11706744908785259,,0.04005476911467448,0,CANDIDATE,0.33333334,0.33333334,0.33333334
tess2025232030459-s0096-0000000012393646-0293-s_lc,download,tess2025232030459-s0096-0000000012393646-0293-s_lc,13.830188884536712,10.0,45388.92093970839,0.6180462432213297,,,,,13.830188884536712,10.0,45388.92093970839,,0.11276091498734857,,0.037864993523714474,0,CANDIDATE,0.33333334,0.33333334,0.33333334
tess2025232030459-s0096-0000000012393753-0293-s_lc,download,tess2025232030459-s0096-0000000012393753-0293-s_lc,6.802463165506645,10.0,4690.4006885069775,0.00984493673188916,,,,,6.802463165506645,10.0,4690.4006885069775,,0.07026148364455924,,0.018624129132119496,0,CANDIDATE,0.33333334,0.33333334,0.33333334
tess2025232030459-s0096-0000000012393787-0293-s_lc,download,tess2025232030459-s0096-0000000012393787-0293-s_lc,7.122640031335684,9.6875,5914.099048575496,0.01115752505047935,,,,,7.122640031335684,9.6875,5914.099048575496,,0.07244924228844894,,0.019500725616251015,0,CANDIDATE,0.33333334,0.33333334,0.33333334
tess2025232030459-s0096-0000000012393800-0293-s_lc,download,tess2025232030459-s0096-0000000012393800-0293-s_lc,1.0339464882943143,10.0,15066.166451826111,0.6486221292159283,,,,,1.0339464882943143,10.0,15066.166451826111,,0.02001114283792249,,0.0028307912068290604,0,CANDIDATE,0.33333334,0.33333334,0.33333334
tess2025232030459-s0096-0000000012393811-0293-s_lc,download,tess2025232030459-s0096-0000000012393811-0293-s_lc,2.8224110398023443,10.0,8547.214410459072,0.08167534933140562,,,,,2.8224110398023443,10.0,8547.214410459072,,0.03908589176444549,,0.007727340286933181,0,CANDIDATE,0.33333334,0.33333334,0.33333334
tess2025232030459-s0096-0000000012393821-0293-s_lc,download,tess2025232030459-s0096-0000000012393821-0293-s_lc,22.019660128355785,10.0,365711.16529846156,40.12339692718761,,,,,22.019660128355785,10.0,365711.16529846156,,0.15374945719255895,,0.06028654381480023,0,CANDIDATE,0.33333334,0.33333334,0.33333334
tess2025232030459-s0096-0000000012393823-0293-s_lc,download,tess2025232030459-s0096-0000000012393823-0293-s_lc,1.425356460139069,10.0,1662.97300388763,0.00583654387620642,,,,,1.425356460139069,10.0,1662.97300388763,,0.0247868977863851,,0.0039024133063355754,0,CANDIDATE,0.33333334,0.33333334,0.33333334
tess2025232030459-s0096-0000000012393839-0293-s_lc,download,tess2025232030459-s0096-0000000012393839-0293-s_lc,10.41146514407384,9.600000000000001,80581.39395363632,1.8700879828352073,,,,,10.41146514407384,9.600000000000001,80581.39395363632,,0.09331420275241545,,0.028505038039901003,0,CANDIDATE,0.33333334,0.33333334,0.33333334
tess2025232030459-s0096-0000000012393842-0293-s_lc,download,tess2025232030459-s0096-0000000012393842-0293-s_lc,16.758038473255866,10.0,11574.878942002932,0.025723741924228393,,,,,16.758038473255866,10.0,11574.878942002932,,0.1281608283319486,,0.04588100882479361,0,CANDIDATE,0.33333334,0.33333334,0.33333334
tess2025232030459-s0096-0000000012393868-0293-s_lc,download,tess2025232030459-s0096-0000000012393868-0293-s_lc,1.5531305553044683,10.0,11493.81720975881,0.2605827026662835,,,,,1.5531305553044683,10.0,11493.81720975881,,0.0262469287798507,,0.004252239713359256,0,CANDIDATE,0.33333334,0.33333334,0.33333334
tess2025232030459-s0096-0000000012393871-0293-s_lc,download,tess2025232030459-s0096-0000000012393871-0293-s_lc,12.101056574969618,1.0499999999999998,3294525.879907749,173.66241237411086,,,,,12.101056574969618,1.0499999999999998,3294525.879907749,,0.10315462656021453,,0.03313088726891066,0,CANDIDATE,0.33333334,0.33333334,0.33333334
tess2025232030459-s0096-0000000012393883-0293-s_lc,download,tess2025232030459-s0096-0000000012393883-0293-s_lc,3.1754617493747928,10.0,3202.164091546463,0.00922334245483603,,,,,3.1754617493747928,10.0,3202.164091546463,,0.04228092117802637,,0.008693940450033655,0,CANDIDATE,0.33333334,0.33333334,0.33333334
tess2025232030459-s0096-0000000012393885-0293-s_lc,download,tess2025232030459-s0096-0000000012393885-0293-s_lc,1.758523741132437,10.0,11627.924565366344,0.24283469893733872,,,,,1.758523741132437,10.0,11627.924565366344,,0.02851272163904597,,0.00481457560884993,0,CANDIDATE,0.33333334,0.33333334,0.33333334
tess2025232030459-s0096-0000000012393886-0293-s_lc,download,tess2025232030459-s0096-0000000012393886-0293-s_lc,6.176392780740607,10.0,1027.518607667182,0.00047510752009603693,,,,,6.176392780740607,10.0,1027.518607667182,,0.06588144579622171,,0.0169100418363877,0,CANDIDATE,0.33333334,0.33333334,0.33333334
tess2025232030459-s0096-0000000012393951-0293-s_lc,download,tess2025232030459-s0096-0000000012393951-0293-s_lc,10.468928795015751,10.0,13236.099306146587,0.028118689137168952,,,,,10.468928795015751,10.0,13236.099306146587,,0.09365723832049547,,0.028662364941863794,0,CANDIDATE,0.33333334,0.33333334,0.33333334
tess2025232030459-s0096-0000000012393958-0293-s_lc,download,tess2025232030459-s0096-0000000012393958-0293-s_lc,10.94979009109444,6.199999999999999,1686.5675462302318,0.0006784156559873,,,,,10.94979009109444,6.199999999999999,1686.5675462302318,,0.09650364401435156,,0.029978891419834196,0,CANDIDATE,0.33333334,0.33333334,0.33333334
tess2025232030459-s0096-0000000012393967-0293-s_lc,download,tess2025232030459-s0096-0000000012393967-0293-s_lc,19.661260759086847,0.25,1996293.3150988934,13.948154499679854,,,,,19.661260759086847,0.25,1996293.3150988934,,0.14256538535838217,,0.05382959824527542,0,CANDIDATE,0.33333334,0.33333334,0.33333334
tess2025232030459-s0096-0000000012393976-0293-s_lc,download,tess2025232030459-s0096-0000000012393976-0293-s_lc,21.473145218797395,0.6375000000000001,109557.75964477201,0.2340566026184419,,,,,21.473145218797395,0.6375000000000001,109557.75964477201,,0.15119483580601967,,0.058790267539486366,0,CANDIDATE,0.33333334,0.33333334,0.33333334
tess2025232030459-s0096-0000000012394000-0293-s_lc,download,tess2025232030459-s0096-0000000012394000-0293-s_lc,10.633205948423342,1.6099999999999999,137907.61078085165,1.2647308559003108,,,,,10.633205948423342,1.6099999999999999,137907.61078085165,,0.09463446559040257,,0.02911213127562859,0,CANDIDATE,0.33333334,0.33333334,0.33333334
tess2025232030459-s0096-0000000012394814-0293-s_lc,download,tess2025232030459-s0096-0000000012394814-0293-s_lc,8.31988911988912,8.33,8918.018893749835,0.029784382340484993,,,,,8.31988911988912,8.33,8918.018893749835,,0.08035598133600609,,0.022778614975740234,0,CANDIDATE,0.33333334,0.33333334,0.33333334
tess2025232030459-s0096-0000000012394831-0293-s_lc,download,tess2025232030459-s0096-0000000012394831-0293-s_lc,1.4944467879250487,9.36,20525.571260277215,0.8308017770057359,,,,,1.4944467879250487,9.36,20525.571260277215,,0.025581547985663207,,0.004091572314647635,0,CANDIDATE,0.33333334,0.33333334,0.33333334
tess2025232030459-s0096-0000000012394904-0293-s_lc,download,tess2025232030459-s0096-0000000012394904-0293-s_lc,11.141798487450663,8.525,1211.9634557891084,0.00036941713766932194,,,,,11.141798487450663,8.525,1211.9634557891084,,0.0976285224507947,,0.030504581758934054,0,CANDIDATE,0.33333334,0.33333334,0.33333334
tess2025232030459-s0096-0000000012394910-0293-s_lc,download,tess2025232030459-s0096-0000000012394910-0293-s_lc,13.695117860335252,0.525,149072.54270789502,0.355561967830355,,,,,13.695117860335252,0.525,149072.54270789502,,0.11202553664563492,,0.037495189213785765,0,CANDIDATE,0.33333334,0.33333334,0.33333334
tess2025232030459-s0096-0000000012394917-0293-s_lc,download,tess2025232030459-s0096-0000000012394917-0293-s_lc,17.841430895778725,0.5499999999999999,304924.248545594,0.7903197774843088,,,,,17.841430895778725,0.5499999999999999,304924.248545594,,0.1336266164199567,,0.048847175621570774,0,CANDIDATE,0.33333334,0.33333334,0.33333334
tess2025232030459-s0096-0000000012394947-0293-s_lc,download,tess2025232030459-s0096-0000000012394947-0293-s_lc,2.1077847077847083,10.0,10149.185939240579,0.14451738324667798,,,,,2.1077847077847083,10.0,10149.185939240579,,0.0321729351187462,,0.00577080002131337,0,CANDIDATE,0.33333334,0.33333334,0.33333334
tess2025232030459-s0096-0000000012394955-0293-s_lc,download,tess2025232030459-s0096-0000000012394955-0293-s_lc,5.7018279148713935,10.0,11212.05691503336,0.060906601718851504,,,,,5.7018279148713935,10.0,11212.05691503336,,0.06246200501113124,,0.015610754044822433,0,CANDIDATE,0.33333334,0.33333334,0.33333334
tess2025232030459-s0096-0000000012394976-0293-s_lc,download,tess2025232030459-s0096-0000000012394976-0293-s_lc,1.4601735514778993,10.0,15562.627904867753,0.49855920476810095,,,,,1.4601735514778993,10.0,15562.627904867753,,0.025188917387738784,,0.003997737307263242,0,CANDIDATE,0.33333334,0.33333334,0.33333334
tess2025232030459-s0096-0000000012394985-0293-s_lc,download,tess2025232030459-s0096-0000000012394985-0293-s_lc,1.3686043903435208,10.0,24182.056836530213,1.3017021889533653,,,,,1.3686043903435208,10.0,24182.056836530213,,0.0241245082481593,,0.003747034607374458,0,CANDIDATE,0.33333334,0.33333334,0.33333334
tess2025232030459-s0096-0000000012395004-0293-s_lc,download,tess2025232030459-s0096-0000000012395004-0293-s_lc,2.8079911014693626,2.76,17037.40862827546,0.0934680002709209,,,,,2.8079911014693626,2.76,17037.40862827546,,0.038952649379085574,,0.007687860647417831,0,CANDIDATE,0.33333334,0.33333334,0.33333334
tess2025232030459-s0096-0000000012395018-0293-s_lc,download,tess2025232030459-s0096-0000000012395018-0293-s_lc,13.233819103384322,0.475,498075.7525074168,1.7365561866508066,,,,,13.233819103384322,0.475,498075.7525074168,,0.10949559456586488,,0.036232222048964605,0,CANDIDATE,0.33333334,0.33333334,0.33333334
tess2025232030459-s0096-0000000012395035-0293-s_lc,download,tess2025232030459-s0096-0000000012395035-0293-s_lc,5.4005503831590795,10.0,6415.480561303681,0.024695034499479233,,,,,5.4005503831590795,10.0,6415.480561303681,,0.06024188207915164,,0.014785901117478658,0,CANDIDATE,0.33333334,0.33333334,0.33333334
tess2025232030459-s0096-0000000012395214-0293-s_lc,download,tess2025232030459-s0096-0000000012395214-0293-s_lc,12.977956551869596,3.2775,12839.834059209785,0.012694323077439357,,,,,12.977956551869596,3.2775,12839.834059209785,,0.10807968265801762,,0.03553170856090238,0,CANDIDATE,0.33333334,0.33333334,0.33333334
tess2025232030459-s0096-0000000012395634-0293-s_lc,download,tess2025232030459-s0096-0000000012395634-0293-s_lc,9.3494686994687,10.075000000000001,149.47761702643174,7.272828126363643e-06,,,,,9.3494686994687,10.075000000000001,149.47761702643174,,0.08685559603645757,,0.025597450238107323,0,CANDIDATE,0.33333334,0.33333334,0.33333334
tess2025232030459-s0096-0000000012395998-0293-s_lc,download,tess2025232030459-s0096-0000000012395998-0293-s_lc,18.020905688296995,5.2124999999999995,231.69122778259606,2.2277542388033827e-06,,,,,18.020905688296995,5.2124999999999995,231.69122778259606,,0.13452125988644187,,0.04933855082353729,0,CANDIDATE,0.33333334,0.33333334,0.33333334
tess2025232030459-s0096-0000000012396031-0293-s_lc,download,tess2025232030459-s0096-0000000012396031-0293-s_lc,6.441924700620353,10.0,1475.1488801660416,0.0013034624669744205,,,,,6.441924700620353,10.0,1475.1488801660416,,0.06775639320170758,,0.01763702861223916,0,CANDIDATE,0.33333334,0.33333334,0.33333334
tess2025232030459-s0096-0000000012417942-0293-s_lc,download,tess2025232030459-s0096-0000000012417942-0293-s_lc,14.186391742913484,7.125,112098.76077002527,1.7278431728491115,,,,,14.186391742913484,7.125,112098.76077002527,,0.11468883708227288,,0.03884022379990002,0,CANDIDATE,0.33333334,0.33333334,0.33333334
tess2025232030459-s0096-0000000012418007-0293-s_lc,download,tess2025232030459-s0096-0000000012418007-0293-s_lc,9.686922373878897,2.55,75180.11228055324,0.43238177011251927,,,,,9.686922373878897,2.55,75180.11228055324,,0.08893316120374171,,0.026521348046211903,0,CANDIDATE,0.33333334,0.33333334,0.33333334
tess2025232030459-s0096-0000000012418075-0293-s_lc,download,tess2025232030459-s0096-0000000012418075-0293-s_lc,1.266495759974021,4.0424999999999995,6366.706503407383,0.03727188808863722,,,,,1.266495759974021,4.0424999999999995,6366.706503407383,,0.02290915182287721,,0.003467476413344342,0,CANDIDATE,0.33333334,0.33333334,0.33333334
tess2025232030459-s0096-0000000012418176-0293-s_lc,download,tess2025232030459-s0096-0000000012418176-0293-s_lc,13.234588267196965,4.4,817.6140783326374,4.74629874572287e-05,,,,,13.234588267196965,4.4,817.6140783326374,,0.10949983719265415,,0.03623432790471449,0,CANDIDATE,0.33333334,0.33333334,0.33333334
tess2025232030459-s0096-0000000012418226-0293-s_lc,download,tess2025232030459-s0096-0000000012418226-0293-s_lc,13.048958490262837,1.785,185455.289687019,1.7368800558812547,,,,,13.048958490262837,1.785,185455.289687019,,0.10847352415156843,,0.03572610127382023,0,CANDIDATE,0.33333334,0.33333334,0.33333334
tess2025232030459-s0096-0000000012418249-0293-s_lc,download,tess2025232030459-s0096-0000000012418249-0293-s_lc,14.28551092898919,5.1499999999999995,7302.238335649553,0.004212492092139767,,,,,14.28551092898919,5.1499999999999995,7302.238335649553,,0.11522243141704727,,0.03911159734151729,0,CANDIDATE,0.33333334,0.33333334,0.33333334
tess2025232030459-s0096-0000000012418250-0293-s_lc,download,tess2025232030459-s0096-0000000012418250-0293-s_lc,5.514284853415289,10.0,698.6819315575231,0.00029094123912503094,,,,,5.514284853415289,10.0,698.6819315575231,,0.06108472853305702,,0.015097289126393671,0,CANDIDATE,0.33333334,0.33333334,0.33333334
tess2025232030459-s0096-0000000012418258-0293-s_lc,download,tess2025232030459-s0096-0000000012418258-0293-s_lc,3.6853629549281726,10.0,11407.255235624802,0.11405497621736932,,,,,3.6853629549281726,10.0,11407.255235624802,,0.046693886960811816,,0.010089973867017585,0,CANDIDATE,0.33333334,0.33333334,0.33333334
tess2025232030459-s0096-0000000012418282-0293-s_lc,download,tess2025232030459-s0096-0000000012418282-0293-s_lc,18.1994390711782,4.655,77797.25444191747,0.8473377918180627,,,,,18.1994390711782,4.655,77797.25444191747,,0.1354082687213815,,0.04982734858638796,0,CANDIDATE,0.33333334,0.33333334,0.33333334
tess2025232030459-s0096-0000000012418304-0293-s_lc,download,tess2025232030459-s0096-0000000012418304-0293-s_lc,14.393951811343117,5.932499999999999,67449.16012587992,0.6369144882361227,,,,,14.393951811343117,5.932499999999999,67449.16012587992,,0.11580479617901411,,0.03940849229662729,0,CANDIDATE,0.33333334,0.33333334,0.33333334
tess2025232030459-s0096-0000000012418423-0293-s_lc,download,tess2025232030459-s0096-0000000012418423-0293-s_lc,0.647431043083217,2.7075,8051.045967508057,0.0833576727458131,,,,,0.647431043083217,2.7075,8051.045967508057,,0.014646556447608648,,0.001772569590919143,0,CANDIDATE,0.33333334,0.33333334,0.33333334
tess2025232030459-s0096-0000000012418527-0293-s_lc,download,tess2025232030459-s0096-0000000012418527-0293-s_lc,0.5046822742474917,10.0,75.96968044719193,3.4827467119470814e-05,,,,,0.5046822742474917,10.0,75.96968044719193,,0.012405622205000235,,0.0013817447618001142,0,CANDIDATE,0.33333334,0.33333334,0.33333334
tess2025232030459-s0096-0000000012418741-0293-s_lc,download,tess2025232030459-s0096-0000000012418741-0293-s_lc,4.940969899665553,5.4075,900.7434465069333,0.00026327942645997367,,,,,4.940969899665553,5.4075,900.7434465069333,,0.0567738033374769,,0.013527638328995353,0,CANDIDATE,0.33333334,0.33333334,0.33333334
tess2025232030459-s0096-0000000012418892-0293-s_lc,download,tess2025232030459-s0096-0000000012418892-0293-s_lc,13.284736910823868,10.0,31202.154337209395,0.20737135471528648,,,,,13.284736910823868,10.0,31202.154337209395,,0.10977627476670573,,0.03637162740814201,0,CANDIDATE,0.33333334,0.33333334,0.33333334
tess2025232030459-s0096-0000000012420159-0293-s_lc,download,tess2025232030459-s0096-0000000012420159-0293-s_lc,0.7578263882611709,9.75,12799.449007467358,0.6186065791226029,,,,,0.7578263882611709,9.75,12799.449007467358,,0.016267456950345274,,0.002074815573610324,0,CANDIDATE,0.33333334,0.33333334,0.33333334
tess2025232030459-s0096-0000000012420213-0293-s_lc,download,tess2025232030459-s0096-0000000012420213-0293-s_lc,16.1157294418164,1.235,447110.39619306574,7.396585136205048,,,,,16.1157294418164,1.235,447110.39619306574,,0.12486474330573229,,0.04412246253748501,0,CANDIDATE,0.33333334,0.33333334,0.33333334
tess2025232030459-s0096-0000000012420253-0293-s_lc,download,tess2025232030459-s0096-0000000012420253-0293-s_lc,15.142396577179188,0.5249999999999999,1371246.1073412208,15.042527095187605,,,,,15.142396577179188,0.5249999999999999,1371246.1073412208,,0.11978513527572077,,0.04145762238789648,0,CANDIDATE,0.33333334,0.33333334,0.33333334
tess2025232030459-s0096-0000000012420254-0293-s_lc,download,tess2025232030459-s0096-0000000012420254-0293-s_lc,17.85100317709013,5.3999999999999995,1309913.637961797,182.74055319480001,,,,,17.85100317709013,5.3999999999999995,1309913.637961797,,0.13367440769931774,,0.04887338309949386,0,CANDIDATE,0.33333334,0.33333334,0.33333334
tess2025232030459-s0096-0000000012420303-0293-s_lc,download,tess2025232030459-s0096-0000000012420303-0293-s_lc,0.5325516151603108,5.7749999999999995,26546.337868300525,2.291710592316827,,,,,0.5325516151603108,5.7749999999999995,26546.337868300525,,0.012858224014419287,,0.0014580468587551288,0,CANDIDATE,0.33333334,0.33333334,0.33333334
tess2025232030459-s0096-0000000012420328-0293-s_lc,download,tess2025232030459-s0096-0000000012420328-0293-s_lc,1.0249766488896923,10.0,1013.1212921427305,0.00294478392518919,,,,,1.0249766488896923,10.0,1013.1212921427305,,0.019895239176261393,,0.0028062331249546677,0,CANDIDATE,0.33333334,0.33333334,0.33333334
tess2025232030459-s0096-0000000012420381-0293-s_lc,download,tess2025232030459-s0096-0000000012420381-0293-s_lc,4.3581844386192214,10.0,11017.582297374001,0.07234672332892776,,,,,4.3581844386192214,10.0,11017.582297374001,,0.052216800070792976,,0.011932058695740511,0,CANDIDATE,0.33333334,0.33333334,0.33333334
tess2025232030459-s0096-0000000012420561-0293-s_lc,download,tess2025232030459-s0096-0000000012420561-0293-s_lc,13.163764098546709,6.949999999999999,42384.270157184765,0.3053924806487279,,,,,13.163764098546709,6.949999999999999,42384.270157184765,,0.10910883304328907,,0.036040421898827404,0,CANDIDATE,0.33333334,0.33333334,0.33333334
tess2025232030459-s0096-0000000012420894-0293-s_lc,download,tess2025232030459-s0096-0000000012420894-0293-s_lc,3.611438528829834,10.0,617.7114657934543,0.0003197535272671208,,,,,3.611438528829834,10.0,617.7114657934543,,0.04606736108868227,,0.009887579818835958,0,CANDIDATE,0.33333334,0.33333334,0.33333334
tess2025232030459-s0096-0000000012421862-0293-s_lc,download,tess2025232030459-s0096-0000000012421862-0293-s_lc,13.501328251328253,10.0,1146.9990326349443,0.00019734101712982473,,,,,13.501328251328253,10.0,1146.9990326349443,,0.1109662341612311,,0.03696462218022793,0,CANDIDATE,0.33333334,0.33333334,0.33333334
tess2025232030459-s0096-0000000012422003-0293-s_lc,download,tess2025232030459-s0096-0000000012422003-0293-s_lc,8.859819016340754,10.0,1523.62376249523,0.0010400003575987745,,,,,8.859819016340754,10.0,1523.62376249523,,0.08379596060043322,,0.024256862467736492,0,CANDIDATE,0.33333334,0.33333334,0.33333334
tess2025232030459-s0096-0000000012422130-0293-s_lc,download,tess2025232030459-s0096-0000000012422130-0293-s_lc,2.1191512582816934,10.0,12474.201591987136,0.2100677022326714,,,,,2.1191512582816934,10.0,12474.201591987136,,0.03228849638318964,,0.005801919940538517,0,CANDIDATE,0.33333334,0.33333334,0.33333334
tess2025232030459-s0096-0000000012422316-0293-s_lc,download,tess2025232030459-s0096-0000000012422316-0293-s_lc,6.787518957084175,10.0,9323.052815923693,0.039244070184538966,,,,,6.787518957084175,10.0,9323.052815923693,,0.07015854180705865,,0.01858321411932697,0,CANDIDATE,0.33333334,0.33333334,0.33333334
tess2025232030459-s0096-0000000012423289-0293-s_lc,download,tess2025232030459-s0096-0000000012423289-0293-s_lc,7.520474822648736,10.0,927.6606413362339,0.00047244429175090965,,,,,7.520474822648736,10.0,927.6606413362339,,0.07512249867150052,,0.02058993791279599,0,CANDIDATE,0.33333334,0.33333334,0.33333334
tess2025232030459-s0096-0000000012423805-0293-s_lc,download,tess2025232030459-s0096-0000000012423805-0293-s_lc,10.123239794978925,6.7,1564.7125089434815,0.0007381700585467278,,,,,10.123239794978925,6.7,1564.7125089434815,,0.0915839842726669,,0.02771592004101006,0,CANDIDATE,0.33333334,0.33333334,0.33333334
tess2025232030459-s0096-0000000012423815-0293-s_lc,download,tess2025232030459-s0096-0000000012423815-0293-s_lc,0.9438890395412136,8.0,2283.3664485887375,0.0133211627749716,,,,,0.9438890395412136,8.0,2283.3664485887375,,0.01883159674166101,,0.0025842273498732746,0,CANDIDATE,0.33333334,0.33333334,0.33333334
tess2025232030459-s0096-0000000012424475-0293-s_lc,download,tess2025232030459-s0096-0000000012424475-0293-s_lc,15.35567423610902,0.30000000000000004,162518.3871627272,0.11885501774688338,,,,,15.35567423610902,0.30000000000000004,162518.3871627272,,0.12090727793266931,,0.04204154479427521,0,CANDIDATE,0.33333334,0.33333334,0.33333334
tess2025232030459-s0096-0000000012424590-0293-s_lc,download,tess2025232030459-s0096-0000000012424590-0293-s_lc,9.877350594741898,2.7075,46929.04652197355,0.26868491971031006,,,,,9.877350594741898,2.7075,46929.04652197355,,0.09009489077166156,,0.027042712100593835,0,CANDIDATE,0.33333334,0.33333334,0.33333334
tess2025232030459-s0096-0000000012424707-0293-s_lc,download,tess2025232030459-s0096-0000000012424707-0293-s_lc,5.566253879297358,10.0,729.8382240619206,0.00031826664039786033,,,,,5.566253879297358,10.0,729.8382240619206,,0.061467920957867336,,0.015239572564811385,0,CANDIDATE,0.33333334,0.33333334,0.33333334
tess2025232030459-s0096-0000000012433577-0293-s_lc,download,tess2025232030459-s0096-0000000012433577-0293-s_lc,3.746994653516393,8.0,499.1710427664542,0.00017392186749571136,,,,,3.746994653516393,8.0,499.1710427664542,,0.047213032834613776,,0.010258712261509631,0,CANDIDATE,0.33333334,0.33333334,0.33333334
tess2025232030459-s0096-0000000012433730-0293-s_lc,download,tess2025232030459-s0096-0000000012433730-0293-s_lc,8.883414350805655,10.0,1507.4730770480908,0.0006817425234074518,,,,,8.883414350805655,10.0,1507.4730770480908,,0.08394467072233995,,0.024321462972773867,0,CANDIDATE,0.33333334,0.33333334,0.33333334
tess2025232030459-s0096-0000000012434227-0293-s_lc,download,tess2025232030459-s0096-0000000012434227-0293-s_lc,23.935047756786886,8.925,3944.270850652731,0.0020380027031734554,,,,,23.935047756786886,8.925,3944.270850652731,,0.16254092084234148,,0.06553058934096341,0,CANDIDATE,0.33333334,0.33333334,0.33333334
tess2025232030459-s0096-0000000012434259-0293-s_lc,download,tess2025232030459-s0096-0000000012434259-0293-s_lc,3.8509522900827253,10.08,22450.01773132093,0.4382308659907947,,,,,3.8509522900827253,10.08,22450.01773132093,,0.048082304635075485,,0.010543332758611157,0,CANDIDATE,0.33333334,0.33333334,0.33333334
tess2025232030459-s0096-0000000012434368-0293-s_lc,download,tess2025232030459-s0096-0000000012434368-0293-s_lc,21.69441782920044,1.3175,165553.32041935023,0.5481580380374409,,,,,21.69441782920044,1.3175,165553.32041935023,,0.15223173033674142,,0.05939607893004912,0,CANDIDATE,0.33333334,0.33333334,0.33333334
tess2025232030459-s0096-0000000012435046-0293-s_lc,download,tess2025232030459-s0096-0000000012435046-0293-s_lc,14.071692930388583,10.0,1065.5699774539187,0.0003406318130553435,,,,,14.071692930388583,10.0,1065.5699774539187,,0.11406981833683406,,0.03852619556574561,0,CANDIDATE,0.33333334,0.33333334,0.33333334
tess2025232030459-s0096-0000000012435154-0293-s_lc,download,tess2025232030459-s0096-0000000012435154-0293-s_lc,14.922976990368296,10.0,47070.23582781559,0.33234106513292616,,,,,14.922976990368296,10.0,47070.23582781559,,0.11862516508696203,,0.04085688429943408,0,CANDIDATE,0.33333334,0.33333334,0.33333334
tess2025232030459-s0096-0000000012435774-0293-s_lc,download,tess2025232030459-s0096-0000000012435774-0293-s_lc,9.28424829511786,9.6875,107.38871426979307,3.350143594206845e-06,,,,,9.28424829511786,9.6875,107.38871426979307,,0.0864511977508396,,0.025418886502718303,0,CANDIDATE,0.33333334,0.33333334,0.33333334
tess2025232030459-s0096-0000000012469707-0293-s_lc,download,tess2025232030459-s0096-0000000012469707-0293-s_lc,7.628245469549819,10.0,540.08334886446,0.00017501401423239,,,,,7.628245469549819,10.0,540.08334886446,,0.07583848059669203,,0.020884997863243857,0,CANDIDATE,0.33333334,0.33333334,0.33333334
tess2025232030459-s0096-0000000012470194-0293-s_lc,download,tess2025232030459-s0096-0000000012470194-0293-s_lc,19.324023019675195,10.0,8142.963348292878,0.01992550955353817,,,,,19.324023019675195,10.0,8142.963348292878,,0.14093046375222332,,0.05290629163497658,0,CANDIDATE,0.33333334,0.33333334,0.33333334
tess2025232030459-s0096-0000000012470241-0293-s_lc,download,tess2025232030459-s0096-0000000012470241-0293-s_lc,18.852341137123748,10.0,4856.394519504932,0.007075370318723261,,,,,18.852341137123748,10.0,4856.394519504932,,0.13862770818361855,,0.051614897021557145,0,CANDIDATE,0.33333334,0.33333334,0.33333334
tess2025232030459-s0096-0000000012471629-0293-s_lc,download,tess2025232030459-s0096-0000000012471629-0293-s_lc,1.1197454980063675,10.0,1548.619791484245,0.0063133227282031815,,,,,1.1197454980063675,10.0,1548.619791484245,,0.021103414716006273,,0.00306569609310436,0,CANDIDATE,0.33333334,0.33333334,0.33333334
tess2025232030459-s0096-0000000012472252-0293-s_lc,download,tess2025232030459-s0096-0000000012472252-0293-s_lc,4.911371237458194,10.0,214.01303631519974,2.7389344668284905e-05,,,,,4.911371237458194,10.0,214.01303631519974,,0.05654684238317928,,0.01344660160837288,0,CANDIDATE,0.33333334,0.33333334,0.33333334
tess2025232030459-s0096-0000000012473429-0293-s_lc,download,tess2025232030459-s0096-0000000012473429-0293-s_lc,11.956232988841684,10.0,585.1120039071304,0.00010270681713486534,,,,,11.956232988841684,10.0,585.1120039071304,,0.10232995030965938,,0.032734381899635,0,CANDIDATE,0.33333334,0.33333334,0.33333334
tess2025232030459-s0096-0000000012474225-0293-s_lc,download,tess2025232030459-s0096-0000000012474225-0293-s_lc,13.075205138248617,1.7999999999999998,382.8898907532223,6.963721750948188e-06,,,,,13.075205138248617,1.7999999999999998,382.8898907532223,,0.10861893104760284,,0.03579796067966767,0,CANDIDATE,0.33333334,0.33333334,0.33333334
tess2025232030459-s0096-0000000012509178-0293-s_lc,download,tess2025232030459-s0096-0000000012509178-0293-s_lc,0.8245489636793986,10.0,36777.0086168661,4.999695023108843,,,,,0.8245489636793986,10.0,36777.0086168661,,0.017208809105388946,,0.0022574920292385997,0,CANDIDATE,0.33333334,0.33333334,0.33333334
tess2025232030459-s0096-0000000012509218-0293-s_lc,download,tess2025232030459-s0096-0000000012509218-0293-s_lc,0.8361351317873058,9.299999999999999,16375.82423671336,0.9045293803432211,,,,,0.8361351317873058,9.299999999999999,16375.82423671336,,0.017369640553534866,,0.0022892132287126786,0,CANDIDATE,0.33333334,0.33333334,0.33333334
tess2025232030459-s0096-0000000012511001-0293-s_lc,download,tess2025232030459-s0096-0000000012511001-0293-s_lc,17.662561892996678,6.1274999999999995,343.14343433747825,1.8957334061156e-05,,,,,17.662561892996678,6.1274999999999995,343.14343433747825,,0.13273200296331808,,0.048357458981510414,0,CANDIDATE,0.33333334,0.33333334,0.33333334
tess2025232030459-s0096-0000000012822545-0293-s_lc,download,tess2025232030459-s0096-0000000012822545-0293-s_lc,0.5347585043237217,9.600000000000001,696.8993585229435,0.00264932284528736,,,,,0.5347585043237217,9.600000000000001,696.8993585229435,,0.012893722435803799,,0.0014640889919882868,0,CANDIDATE,0.33333334,0.33333334,0.33333334
tess2025232030459-s0096-0000000012858078-0293-s_lc,download,tess2025232030459-s0096-0000000012858078-0293-s_lc,7.721182721182722,10.125,917.2778787215098,0.0003214143059944801,,,,,7.721182721182722,10.125,917.2778787215098,,0.07645321218089285,,0.021139446190780897,0,CANDIDATE,0.33333334,0.33333334,0.33333334
tess2025232030459-s0096-0000000012858196-0293-s_lc,download,tess2025232030459-s0096-0000000012858196-0293-s_lc,10.83895919330702,8.399999999999999,210.7764615601015,1.654895198855436e-05,,,,,10.83895919330702,8.399999999999999,210.7764615601015,,0.09585135083181587,,0.02967545295908835,0,CANDIDATE,0.33333334,0.33333334,0.33333334
tess2025232030459-s0096-0000000012880835-0293-s_lc,download,tess2025232030459-s0096-0000000012880835-0293-s_lc,11.13435324957064,10.0,281.53538168826515,2.3778651342707144e-05,,,,,11.13435324957064,10.0,281.53538168826515,,0.09758502567001058,,0.030484197808543848,0,CANDIDATE,0.33333334,0.33333334,0.33333334
tess2025232030459-s0096-0000000012931537-0293-s_lc,download,tess2025232030459-s0096-0000000012931537-0293-s_lc,5.919542452151148,10.0,2130.7343981899926,0.0020430130840335316,,,,,5.919542452151148,10.0,2130.7343981899926,,0.06404205755588273,,0.01620682396208391,0,CANDIDATE,0.33333334,0.33333334,0.33333334
tess2025232030459-s0096-0000000012931705-0293-s_lc,download,tess2025232030459-s0096-0000000012931705-0293-s_lc,8.397916478351261,10.0,182.00610573735233,1.031881831674816e-05,,,,,8.397916478351261,10.0,182.00610573735233,,0.08085760702762333,,0.022992242240523646,0,CANDIDATE,0.33333334,0.33333334,0.33333334
tess2025232030459-s0096-0000000012932464-0293-s_lc,download,tess2025232030459-s0096-0000000012932464-0293-s_lc,18.460125844908454,8.799999999999999,535.3502457783446,7.566236981290257e-05,,,,,18.460125844908454,8.799999999999999,535.3502457783446,,0.13669825011143044,,0.05054107007504026,0,CANDIDATE,0.33333334,0.33333334,0.33333334
tess2025232030459-s0096-0000000012932859-0293-s_lc,download,tess2025232030459-s0096-0000000012932859-0293-s_lc,13.7367938172286,10.0,6543.233652215228,0.006422085994122274,,,,,13.7367938172286,10.0,6543.233652215228,,0.11225269334669026,,0.03760929176517071,0,CANDIDATE,0.33333334,0.33333334,0.33333334
tess2025232030459-s0096-0000000012933046-0293-s_lc,download,tess2025232030459-s0096-0000000012933046-0293-s_lc,10.57310454266976,4.9,11951.307951508526,0.030923509419262734,,,,,10.57310454266976,4.9,11951.307951508526,,0.09427753116242266,,0.0289475825945784,0,CANDIDATE,0.33333334,0.33333334,0.33333334
tess2025232030459-s0096-0000000012967420-0293-s_lc,download,tess2025232030459-s0096-0000000012967420-0293-s_lc,11.156427665123317,0.5,274425.6251647724,0.5648206781030711,,,,,11.156427665123317,0.5,274425.6251647724,,0.09771396123888913,,0.030544634264540224,0,CANDIDATE,0.33333334,0.33333334,0.33333334
tess2025232030459-s0096-0000000012968953-0293-s_lc,download,tess2025232030459-s0096-0000000012968953-0293-s_lc,5.257276507276508,9.2,251.28260682517305,3.469705019682355e-05,,,,,5.257276507276508,9.2,251.28260682517305,,0.05917165682996757,,0.014393638623618091,0,CANDIDATE,0.33333334,0.33333334,0.33333334
tess2025232030459-s0096-0000000012969289-0293-s_lc,download,tess2025232030459-s0096-0000000012969289-0293-s_lc,8.269030903813514,1.71,903536.302799512,21.225824112391898,,,,,8.269030903813514,1.71,903536.302799512,,0.0800281775411327,,0.0226393727688255,0,CANDIDATE,0.33333334,0.33333334,0.33333334
tess2025232030459-s0096-0000000012969617-0293-s_lc,download,tess2025232030459-s0096-0000000012969617-0293-s_lc,1.5055130381217339,10.0,342.3441855498509,0.00024154825478374877,,,,,1.5055130381217339,10.0,342.3441855498509,,0.025707678751541934,,0.00412187005645923,0,CANDIDATE,0.33333334,0.33333334,0.33333334
tess2025232030459-s0096-0000000012970307-0293-s_lc,download,tess2025232030459-s0096-0000000012970307-0293-s_lc,11.990996012735144,6.199999999999999,2620.8348174576745,0.001229510750131314,,,,,11.990996012735144,6.199999999999999,2620.8348174576745,,0.10252820544645586,,0.0328295578719648,0,CANDIDATE,0.33333334,0.33333334,0.33333334
tess2025232030459-s0096-0000000012970429-0293-s_lc,download,tess2025232030459-s0096-0000000012970429-0293-s_lc,1.88978208978209,0.5,33051.223245707675,0.0901216270381026,,,,,1.88978208978209,0.5,33051.223245707675,,0.02991444864355521,,0.005173941382018043,0,CANDIDATE,0.33333334,0.33333334,0.33333334
tess2025232030459-s0096-0000000012970743-0293-s_lc,download,tess2025232030459-s0096-0000000012970743-0293-s_lc,3.870245663723925,5.579999999999999,258.2861120495682,3.328914612316336e-05,,,,,3.870245663723925,5.579999999999999,258.2861120495682,,0.04824276658670912,,0.01059615513682115,0,CANDIDATE,0.33333334,0.33333334,0.33333334
tess2025232030459-s0096-0000000012972937-0293-s_lc,download,tess2025232030459-s0096-0000000012972937-0293-s_lc,8.66963418267766,10.0,288.2649642843233,3.7393510335228984e-05,,,,,8.66963418267766,10.0,288.2649642843233,,0.08259245309972085,,0.023736164771191403,0,CANDIDATE,0.33333334,0.33333334,0.33333334
tess2025232030459-s0096-0000000012974464-0293-s_lc,download,tess2025232030459-s0096-0000000012974464-0293-s_lc,6.159352496309019,10.125,822.1625697416993,0.0004103024336881546,,,,,6.159352496309019,10.125,822.1625697416993,,0.06576021479467198,,0.01686338808024372,0,CANDIDATE,0.33333334,0.33333334,0.33333334
tess2025232030459-s0096-0000000012997929-0293-s_lc,download,tess2025232030459-s0096-0000000012997929-0293-s_lc,18.696441089919354,10.0,2282.6495191935874,0.0015631466482424147,,,,,18.696441089919354,10.0,2282.6495191935874,,0.1378623933951104,,0.051188065954604664,0,CANDIDATE,0.33333334,0.33333334,0.33333334
tess2025232030459-s0096-0000000012999193-0293-s_lc,download,tess2025232030459-s0096-0000000012999193-0293-s_lc,1.4887753974710498,10.0,4158.265980778247,0.03595700042316371,,,,,1.4887753974710498,10.0,4158.265980778247,,0.02551678606496146,,0.00407604489382902,0,CANDIDATE,0.33333334,0.33333334,0.33333334
tess2025232030459-s0096-0000000013000397-0293-s_lc,download,tess2025232030459-s0096-0000000013000397-0293-s_lc,12.1455505672897,4.0,857.0571316787444,3.0850970932378663e-05,,,,,12.1455505672897,4.0,857.0571316787444,,0.10340732918234191,,0.03325270518080684,0,CANDIDATE,0.33333334,0.33333334,0.33333334
tess2025232030459-s0096-0000000013023378-0293-s_lc,download,tess2025232030459-s0096-0000000013023378-0293-s_lc,0.7608996956823044,10.0,484.4573607522804,0.0009217800648051984,,,,,0.7608996956823044,10.0,484.4573607522804,,0.016311408235190027,,0.0020832298307523734,0,CANDIDATE,0.33333334,0.33333334,0.33333334
tess2025232030459-s0096-0000000013023585-0293-s_lc,download,tess2025232030459-s0096-0000000013023585-0293-s_lc,7.570994907951431,7.289999999999999,225.56754463414535,2.2234873413025116e-05,,,,,7.570994907951431,7.289999999999999,225.56754463414535,,0.07545855533647085,,0.020728254368107955,0,CANDIDATE,0.33333334,0.33333334,0.33333334
tess2025232030459-s0096-0000000013024362-0293-s_lc,download,tess2025232030459-s0096-0000000013024362-0293-s_lc,5.884197742893396,9.600000000000001,252.32511143554663,3.250249453002061e-05,,,,,5.884197742893396,9.600000000000001,252.32511143554663,,0.06378687944903381,,0.016110055422021617,0,CANDIDATE,0.33333334,0.33333334,0.33333334
tess2025232030459-s0096-0000000013024620-0293-s_lc,download,tess2025232030459-s0096-0000000013024620-0293-s_lc,10.524856294421511,10.075000000000001,175.33835371248625,9.223061484781484e-06,,,,,10.524856294421511,10.075000000000001,175.33835371248625,,0.09399050147762904,,0.028815486090134186,0,CANDIDATE,0.33333334,0.33333334,0.33333334
tess2025232030459-s0096-0000000013058711-0293-s_lc,download,tess2025232030459-s0096-0000000013058711-0293-s_lc,9.901403075316118,10.0,4561.719270066424,0.006242784809668603,,,,,9.901403075316118,10.0,4561.719270066424,,0.09024109239765023,,0.027108564203466443,0,CANDIDATE,0.33333334,0.33333334,0.33333334
tess2025232030459-s0096-0000000013058935-0293-s_lc,download,tess2025232030459-s0096-0000000013058935-0293-s_lc,8.335382204947424,10.0,343.670803154763,5.314932942346793e-05,,,,,8.335382204947424,10.0,343.670803154763,,0.08045570830478861,,0.022821032730862213,0,CANDIDATE,0.33333334,0.33333334,0.33333334
tess2025232030459-s0096-0000000013059308-0293-s_lc,download,tess2025232030459-s0096-0000000013059308-0293-s_lc,2.0403010033444815,10.0,755.2550851520468,0.0009214977486133851,,,,,2.0403010033444815,10.0,755.2550851520468,,0.03148250968876725,,0.005586039707993104,0,CANDIDATE,0.33333334,0.33333334,0.33333334
tess2025232030459-s0096-0000000013060575-0293-s_lc,download,tess2025232030459-s0096-0000000013060575-0293-s_lc,18.652820211515866,10.0,1369.4300253613571,0.0002813007891541811,,,,,18.652820211515866,10.0,1369.4300253613571,,0.13764787771881343,,0.051068638498332285,0,CANDIDATE,0.33333334,0.33333334,0.33333334
tess2025232030459-s0096-0000000013065840-0293-s_lc,download,tess2025232030459-s0096-0000000013065840-0293-s_lc,12.138693040866954,3.5999999999999996,564.1627908053879,1.5595703071936867e-05,,,,,12.138693040866954,3.5999999999999996,564.1627908053879,,0.10336840215665237,,0.033233930296692554,0,CANDIDATE,0.33333334,0.33333334,0.33333334
tess2025232030459-s0096-0000000013065858-0293-s_lc,download,tess2025232030459-s0096-0000000013065858-0293-s_lc,13.016165831383223,1.4725,147341.63825925518,0.90094667214423,,,,,13.016165831383223,1.4725,147341.63825925518,,0.10829171516814638,,0.03563631986689452,0,CANDIDATE,0.33333334,0.33333334,0.33333334
tess2025232030459-s0096-0000000013065910-0293-s_lc,download,tess2025232030459-s0096-0000000013065910-0293-s_lc,1.8090416503459983,0.95,1716.3150443356105,0.0005420156689799456,,,,,1.8090416503459983,0.95,1716.3150443356105,,0.02905620521983355,,0.004952886106354547,0,CANDIDATE,0.33333334,0.33333334,0.33333334
tess2025232030459-s0096-0000000013066232-0293-s_lc,download,tess2025232030459-s0096-0000000013066232-0293-s_lc,13.17257223778963,3.485,426.1637582909805,1.3167127293850263e-05,,,,,13.17257223778963,3.485,426.1637582909805,,0.10915749889311238,,0.036064537269786805,0,CANDIDATE,0.33333334,0.33333334,0.33333334
tess2025232030459-s0096-0000000013066915-0293-s_lc,download,tess2025232030459-s0096-0000000013066915-0293-s_lc,8.177013468317817,10.0,254.18289454118914,2.907402474480178e-05,,,,,8.177013468317817,10.0,254.18289454118914,,0.07943337077099719,,0.022387442760623728,0,CANDIDATE,0.33333334,0.33333334,0.33333334
tess2025232030459-s0096-0000000013074467-0293-s_lc,download,tess2025232030459-s0096-0000000013074467-0293-s_lc,3.6632784958871922,9.600000000000001,541.424828485399,0.0002532736899939833,,,,,3.6632784958871922,9.600000000000001,541.424828485399,,0.046507158739672136,,0.01002950991344885,0,CANDIDATE,0.33333334,0.33333334,0.33333334
tess2025232030459-s0096-0000000013090700-0293-s_lc,download,tess2025232030459-s0096-0000000013090700-0293-s_lc,16.479816940686508,1.7999999999999998,21913.751327356986,0.01296573742540548,,,,,16.479816940686508,1.7999999999999998,21913.751327356986,,0.12673836662350502,,0.04511927978285149,0,CANDIDATE,0.33333334,0.33333334,0.33333334
tess2025232030459-s0096-0000000013090802-0293-s_lc,download,tess2025232030459-s0096-0000000013090802-0293-s_lc,11.016195627065194,1.62,389.0155550864683,1.104731645324401e-05,,,,,11.016195627065194,1.62,389.0155550864683,,0.0968934180787839,,0.030160699868761656,0,CANDIDATE,0.33333334,0.33333334,0.33333334
tess2025232030459-s0096-0000000013097379-0293-s_lc,download,tess2025232030459-s0096-0000000013097379-0293-s_lc,7.09219386610691,5.084999999999999,574.3945442264513,0.0001006283731933194,,,,,7.09219386610691,5.084999999999999,574.3945442264513,,0.07224263574394522,,0.019417368558814263,0,CANDIDATE,0.33333334,0.33333334,0.33333334
tess2025232030459-s0096-0000000013099148-0293-s_lc,download,tess2025232030459-s0096-0000000013099148-0293-s_lc,15.332047766830375,10.0,2572.0414925072932,0.0019846192317537433,,,,,15.332047766830375,10.0,2572.0414925072932,,0.12078322628102386,,0.041976859046763515,0,CANDIDATE,0.33333334,0.33333334,0.33333334
tess2025232030459-s0096-0000000013099818-0293-s_lc,download,tess2025232030459-s0096-0000000013099818-0293-s_lc,14.117833217833219,8.399999999999999,1152.8508719576969,0.00019470804198063564,,,,,14.117833217833219,8.399999999999999,1152.8508719576969,,0.11431903460002783,,0.0386525207880444,0,CANDIDATE,0.33333334,0.33333334,0.33333334
tess2025232030459-s0096-0000000013137474-0293-s_lc,download,tess2025232030459-s0096-0000000013137474-0293-s_lc,8.038086916347787,10.0,1190.073358058469,0.0006925582782071143,,,,,8.038086916347787,10.0,1190.073358058469,,0.07853109424001725,,0.022007082590959032,0,CANDIDATE,0.33333334,0.33333334,0.33333334
tess2025232030459-s0096-0000000013140280-0293-s_lc,download,tess2025232030459-s0096-0000000013140280-0293-s_lc,14.472306085349565,10.0,3470.8966830470235,0.0036141371353160495,,,,,14.472306085349565,10.0,3470.8966830470235,,0.11622467569573738,,0.039623014607391004,0,CANDIDATE,0.33333334,0.33333334,0.33333334
tess2025232030459-s0096-0000000013140406-0293-s_lc,download,tess2025232030459-s0096-0000000013140406-0293-s_lc,9.60506894854721,10.0,516.7365364032622,0.00012015749162431798,,,,,9.60506894854721,10.0,516.7365364032622,,0.08843146939794093,,0.026297245581238082,0,CANDIDATE,0.33333334,0.33333334,0.33333334
tess2025232030459-s0096-0000000020891335-0293-s_lc,download,tess2025232030459-s0096-0000000020891335-0293-s_lc,6.020007967834055,3.8499999999999996,775.5505728688958,0.00013834009894777264,,,,,6.020007967834055,3.8499999999999996,775.5505728688958,,0.06476463082973193,,0.01648188355327599,0,CANDIDATE,0.33333334,0.33333334,0.33333334
tess2025232030459-s0096-0000000020891859-0293-s_lc,download,tess2025232030459-s0096-0000000020891859-0293-s_lc,12.055382305382306,0.75,283922.1495307769,0.9270355504330335,,,,,12.055382305382306,0.75,283922.1495307769,,0.10289489821697123,,0.03300583793396935,0,CANDIDATE,0.33333334,0.33333334,0.33333334
tess2025232030459-s0096-0000000020892851-0293-s_lc,download,tess2025232030459-s0096-0000000020892851-0293-s_lc,9.978382563165173,10.0,630.6104983966854,0.00015688065747146177,,,,,9.978382563165173,10.0,630.6104983966854,,0.09070821425649063,,0.027319322554867003,0,CANDIDATE,0.33333334,0.33333334,0.33333334
tess2025232030459-s0096-0000000020892978-0293-s_lc,download,tess2025232030459-s0096-0000000020892978-0293-s_lc,11.156524752176928,8.925,205.22934843702618,1.1540629416008845e-05,,,,,11.156524752176928,8.925,205.22934843702618,,0.09771452813163285,,0.030544900074406373,0,CANDIDATE,0.33333334,0.33333334,0.33333334
tess2025232030459-s0096-0000000020897314-0293-s_lc,download,tess2025232030459-s0096-0000000020897314-0293-s_lc,11.149243725330683,10.0,392.97829852951634,4.6329582934546096e-05,,,,,11.149243725330683,10.0,392.97829852951634,,0.09767200954409898,,0.030524965709324253,0,CANDIDATE,0.33333334,0.33333334,0.33333334
tess2025232030459-s0096-0000000020897611-0293-s_lc,download,tess2025232030459-s0096-0000000020897611-0293-s_lc,3.3972991386034868,10.0,17856.306401837035,0.271817645764634,,,,,3.3972991386034868,10.0,17856.306401837035,,0.04422783794198983,,0.009301298120748766,0,CANDIDATE,0.33333334,0.33333334,0.33333334
